K0;K1;K2;K3;K4;K5;K6
Acura MDX;ACURA MDX;ACURA: MDX;ACURA CL;ACURA CSX;ACURA MDX;ACURA ВСЕ
Acura RDX;ACURA RDX;ACURA: ПРОЧИЕ;ACURA EL;ACURA MDX;ACURA RDX;AUDI A1
Acura TLX;ACURA TLX;ALFA ROMEO: ВСЕ;ACURA MDX;ACURA NSX;ACURA TLX;AUDI A3
Alfa Romeo 147;ACURA ZDX;AUDI: A1, A2;ACURA RDX;ACURA RDX;ACURA Другие легковые ТС;AUDI A4
Alfa Romeo 159;ALFA ROMEO GIULIETTA;AUDI: A3;ACURA RSX;ACURA RL;ALFA ROMEO Все модели;AUDI A5
Alfa Romeo 4C;ALFA ROMEO MITO;AUDI: A4;ACURA SLX;ACURA RSX;ASTON MARTIN все модели;AUDI A6
Alfa Romeo Brera;AUDI A1;AUDI: A5;ACURA TLX;ACURA TL;AUDI A1;AUDI A7
Alfa Romeo GT;AUDI A3;AUDI: A6;ACURA ZDX;ACURA TLX;AUDI A3;AUDI A8
Alfa Romeo Giulietta;AUDI A4;AUDI: A7, A7L;ALFA ROMEO 147;ACURA TSX;AUDI A4;AUDI Q3
Alfa Romeo MiTo;AUDI A4 ALLROAD;AUDI: A8, A8L;ALFA ROMEO 159;ACURA ZDX;AUDI A5;AUDI Q5
Alfa Romeo Spider;AUDI A5;AUDI: A4 ALLROAD;ALFA ROMEO Brera;ALFA ROMEO 145;AUDI A6;AUDI Q7
Aston Martin Cygnet;AUDI A6;AUDI: A6 ALLROAD;ALFA ROMEO GT;ALFA ROMEO 146;AUDI A7;AUDI ОСТАЛЬНЫЕ
Aston Martin DB11;AUDI A6 ALLROAD;AUDI: Q3;ALFA ROMEO MiTo;ALFA ROMEO 147;AUDI A8;BMW 1-SERIES
Aston Martin DB9;AUDI A7;AUDI: Q5;ALFA ROMEO Spider;ALFA ROMEO 155;AUDI Q3;BMW 3-SERIES
Aston Martin DBS;AUDI A8;AUDI: Q7;ASTON MARTIN All models;ALFA ROMEO 156;AUDI Q5;BMW 5-SERIES
Aston Martin Rapide;AUDI Q3;AUDI: TT;AUDI 80;ALFA ROMEO 159;AUDI Q7;BMW 7-SERIES
Aston Martin V12 Vantage;AUDI Q5;AUDI: ПРОЧИЕ;AUDI A1;ALFA ROMEO 166;AUDI S3;BMW X1
Aston Martin V8 Vantage;AUDI Q7;BMW: 1 SERIES;AUDI A2;ALFA ROMEO BRERA;AUDI S4;BMW X3
Aston Martin Vanquish;AUDI R8;BMW: 3 SERIES;AUDI A3;ALFA ROMEO GIULIETTA;AUDI S5;BMW X5
Aston Martin Virage;AUDI RS Q3;BMW: 5 SERIES;AUDI A4;ALFA ROMEO GT;AUDI S6;BMW X6
Audi A1;AUDI RS4;BMW: 6 SERIES, GRAN TURISMO;AUDI A5;ALFA ROMEO GTV;AUDI S7;BMW ОСТАЛЬНЫЕ
Audi A3;AUDI RS5;BMW: 7 SERIES;AUDI A6;ALFA ROMEO MITO;AUDI S8;BYD ВСЕ
Audi A4;AUDI RS6;BMW: M3, M5, M6, Z1, Z2, Z3, Z3M, Z4, Z4M;AUDI A7;ALFA ROMEO SPIDER;AUDI TT;CADILLAC ESCALADE
Audi A4 allroad quattro;AUDI RS7;BMW: X1;AUDI A8;AUDI A1;AUDI Другие легковые ТС;CADILLAC SRX
Audi A5;AUDI S3;BMW: X3;AUDI Q3;AUDI A2;BENTLEY Все модели;CADILLAC ОСТАЛЬНЫЕ
Audi A6;AUDI S4;BMW: X5, X5M;AUDI Q5;AUDI A3;BMW 1-я серия;CHERY BONUS
Audi A6 allroad quattro;AUDI S5;BMW: X6, X6M;AUDI Q7;AUDI A4;BMW 2-я серия;CHERY INDIS
Audi A7;AUDI S6;BMW: ПРОЧИЕ;AUDI R8;AUDI A4 ALLROAD;BMW 3-я серия;CHERY TIGGO
Audi A8;AUDI S7;CADILLAC: BLS, CTS, STS;AUDI S/RS;AUDI A5;BMW 4-я серия;CHERY ОСТАЛЬНЫЕ
Audi Q3;AUDI S8;CADILLAC: ESCALADE;AUDI TT;AUDI A6;BMW 5-я серия;CHEVROLET AVEO
Audi Q5;AUDI SQ5;CADILLAC: SRX ;BENTLEY All models;AUDI A6 ALLROAD;BMW 6-я серия;CHEVROLET CAPTIVA
Audi Q7;AUDI TT;CADILLAC: ПРОЧИЕ;BMW 1-Series;AUDI A7;BMW 7-я серия;CHEVROLET COBALT
Audi R8;BMW 1 SERIES;CHERY: A1, A13, A15, AMULET, FLAGCLOUD, KIMO, S11, S12, S21, SWEET, QQ, QQ6 ;BMW 2-Series;AUDI A8;BMW M3;CHEVROLET CRUZE
Audi RS 3;BMW 2 SERIES;CHERY: A5, A21, A516, A520, B11, B14, FLYING, FORA, LANGIE, M11, INDIS, S18D, MIKADO, ORIENTAL SON, T11, TIGGO, V5;BMW 3-Series;AUDI A8 L;BMW M5;CHEVROLET LACETTI
Audi RS 4;BMW 3 SERIES;CHEVROLET: AVALANCHE, BLAZER, C-10, COLORADO, EQUINOX, SAVANA, SUBURBAN, TRACKER, TRAILBLAZER, TAHOE, UPLANDER;BMW 3 GT;AUDI Q3;BMW X1;CHEVROLET LANOS
Audi RS 5;BMW 3 SERIES GRAN TURISMO;CHEVROLET: AVEO;BMW 4-Series;AUDI Q5;BMW X3;CHEVROLET NIVA
Audi RS 6;BMW 4 SERIES;CHEVROLET: CAPTIVA;BMW 5-Series;AUDI Q7;BMW X5;CHEVROLET ORLANDO
Audi RS Q3;BMW 5 SERIES;CHEVROLET: CRUZE;BMW 6-Series;AUDI R8;BMW X6;CHEVROLET SPARK
Audi RS7;BMW 5 SERIES GRAN TURISMO;CHEVROLET: EPICA;BMW 7-Series;AUDI RS4;BMW Z;CHEVROLET TAHOE
Audi S3;BMW 6 SERIES;CHEVROLET: KLAN, LACETTI, REZZO;BMW Alpina;AUDI RS5;BMW Другие легковые ТС;CHEVROLET TRAILBLAZER
Audi S4;BMW 7 SERIES;CHEVROLET: LANOS, VIVA;BMW Gran Turismo;AUDI RS6;BRILLIANCE H230;CHEVROLET ОСТАЛЬНЫЕ
Audi S5;BMW M1;CHEVROLET: ORLANDO;BMW M-Series;AUDI S1;BRILLIANCE H530;CITROEN BERLINGO
Audi S6;BMW M3;CHEVROLET: SPARK;BMW X1;AUDI S3;BRILLIANCE V5;CITROEN C1
Audi S7;BMW M4;CHEVROLET: ПРОЧИЕ;BMW X3;AUDI S4;BUICK Все модели;CITROEN C3
Audi S8;BMW M5;CHRYSLER: PT CRUISER, SEBRING;BMW X5;AUDI S5;BYD F3;CITROEN C4
Audi S8 Plus;BMW M6;CHRYSLER: ПРОЧИЕ;BMW X6;AUDI S6;BYD Другие легковые ТС;CITROEN C5
Audi SQ5;BMW X1;CITROEN: BERLINGO;BMW Z-Series;AUDI S8;CADILLAC CTS;CITROEN C-CROSSER
Audi TT;BMW X3;CITROEN: C1, C2;BRILLIANCE All models;AUDI TT;CADILLAC Escalade;CITROEN C-ELYSEE
Audi TT RS;BMW X4;CITROEN: C2 PICASSO, C3 PICASSO, C4 GRAND PICASSO,C4 PICASSO, XSARA, XSARA PICASSO;BYD All models;AUDI TT ROADSTER;CADILLAC SRX;CITROEN DS4
Audi TTS;BMW X5;CITROEN: C3;CADILLAC ATS;AUDI TT ROADSTER SPORT;CADILLAC Другие легковые ТС;CITROEN JUMPER
BMW 1er;BMW X5 M;CITROEN: C4;CADILLAC BLS;AUDI TT SPORT;CHERY A3 (M11, M12);CITROEN ОСТАЛЬНЫЕ
BMW 2er;BMW X6;CITROEN: C5, C5 TOURER;CADILLAC CTS;BMW 116;CHERY Bonus (A13);DAEWOO GENTRA
BMW 3er;BMW X6 M;CITROEN: C6;CADILLAC Eldorado;BMW 118;CHERY IndiS;DAEWOO MATIZ
BMW 4er;BMW Z4;CITROEN: C8;CADILLAC Escalade;BMW 120;CHERY Kimo (A1);DAEWOO NEXIA
BMW 5er;BRILLIANCE H530;CITROEN: C-CROSSER, C4 AIRCROSS;CADILLAC SRX;BMW 123;CHERY Tiggo (SUV T11);DODGE ВСЕ
BMW 6er;BRILLIANCE V5;CITROEN: DS3;CADILLAC STS;BMW 125;CHERY Другие легковые ТС;FAW ВСЕ
BMW 7er;BYD F3;CITROEN: DS4;CHANGAN CS35;BMW 130;CHEVROLET Aveo;FIAT ALBEA
BMW X1;CADILLAC ATS;CITROEN: ПРОЧИЕ;CHANGAN Eado;BMW 135;CHEVROLET Captiva;FIAT DOBLO
BMW X2;CADILLAC CTS;DAEWOO: MATIZ;CHANGAN Raeton;BMW 316;CHEVROLET Cobalt;FIAT DUCATO
BMW X3;CADILLAC CTS-V;DAEWOO: NEXIA;CHERY A18;BMW 318;CHEVROLET Cruze;FIAT ОСТАЛЬНЫЕ
BMW X4;CADILLAC ESCALADE;DAEWOO: ПРОЧИЕ;CHERY Amulet (A15);BMW 320;CHEVROLET Epica;FORD ECOSPORT
BMW X5;CADILLAC SRX;DODGE: AVENGER, CARAVAN, CHARGER, DAKOTA, DURANGO, JOURNEY, MAGNUM, NITRO, RAM, VIPER;CHERY Arrizo (M16);BMW 323;CHEVROLET Lacetti;FORD EXPLORER
BMW X6;CHANGAN EADO;DODGE: CALIBER, INTREPID, NEON, STRATUS;CHERY B11;BMW 325;CHEVROLET Malibu;FORD FIESTA
BMW Z4;CHANGAN CS35;DODGE: ПРОЧИЕ;CHERY B13;BMW 330;CHEVROLET Orlando;FORD FOCUS
BMW i3;CHERY AMULET;FIAT: ALBEA, LINEA, PANDA;CHERY Bonus (A13);BMW 335;CHEVROLET Spark;FORD FUSION
BMW i8;CHERY BONUS;FIAT: DOBLO;CHERY CrossEaster (B14);BMW 3-я серия GT;CHEVROLET Tahoe;FORD GALAXY
BYD C10;CHERY CROSSEASTAR;FIAT: GRANDE PUNTO, PUNTO;CHERY Fora (A21);BMW 4-я серия;CHEVROLET Trail Blazer;FORD KUGA
BYD F0;CHERY FORA;FIAT: ПРОЧИЕ;CHERY IndiS;BMW 520;CHEVROLET Внедорожники;FORD MONDEO
BYD F3;CHERY INDIS;FORD: C-MAX;CHERY Kimo (A1);BMW 523;CHEVROLET Другие легковые ТС;FORD RANGER
BYD F3-R;CHERY KIMO;FORD: EDGE, ESCAPE, EXPEDITION, MAVERICK;CHERY M11;BMW 525;CHEVROLET Минивэны;FORD S-MAX
BYD Flyer II;CHERY M11;FORD: EXPLORER, FLEX;CHERY M14;BMW 528;CHRYSLER 300C;FORD TRANSIT
Bentley Arnage;CHERY M16;FORD: FIESTA;CHERY QQ;BMW 530;CHRYSLER Grand Voyager;FORD ОСТАЛЬНЫЕ
Bentley Azure;CHERY QQ6;FORD: FOCUS;CHERY Tiggo (T11);BMW 535;CHRYSLER Другие легковые ТС;GAZ NEXT
Bentley Bentayga;CHERY TIGGO;FORD: FUSION;CHEVROLET Astra;BMW 540;CHRYSLER Минивэны;GAZ ВОЛГА
Bentley Brooklands;CHERY VERY;FORD: GALAXY, S-MAX;CHEVROLET Avalanche;BMW 545;CITROEN Berlingo;GAZ ГАЗЕЛЬ
Bentley Continental Flying Spur;CHEVROLET AVEO;FORD: KUGA;CHEVROLET Aveo;BMW 550;CITROEN C-Elysee;GAZ СОБОЛЬ
Bentley Continental GT;CHEVROLET CAMARO;FORD: MONDEO;CHEVROLET Blazer;BMW 630;CITROEN C1;GEELY EMGRAND
Bentley Continental GTС;CHEVROLET CAPTIVA;FORD: RANGER;CHEVROLET Camaro;BMW 635;CITROEN C3;GEELY MK
Bentley Continental Supersports;CHEVROLET COBALT;FORD: TOURNEO CONNECT, TRANSIT CONNECT, CONNECT;CHEVROLET Caprice;BMW 645;CITROEN C4;GREAT WALL HOVER
Bentley Flying Spur;CHEVROLET CRUZE;FORD: ПРОЧИЕ;CHEVROLET Captiva;BMW 650;CITROEN C4 Aircross;GREAT WALL SAFE
Bentley Mulsanne;CHEVROLET EPICA;GEELY: ВСЕ;CHEVROLET Celta;BMW 725;CITROEN C4 Picasso;GREAT WALL WINGLE
Bogdan 21101;CHEVROLET EQUINOX;GREAT WALL: CC;CHEVROLET Cobalt;BMW 730;CITROEN C5;GREAT WALL ОСТАЛЬНЫЕ
Bogdan 21104;CHEVROLET LACETTI;GREAT WALL: HOVER;CHEVROLET Colorado;BMW 735;CITROEN C6;HAIMA ВСЕ
Bogdan 21112;CHEVROLET LANOS;GREAT WALL: ПРОЧИЕ;CHEVROLET Corvette;BMW 740;CITROEN C-Crosser;HONDA ACCORD
Bogdan 21114;CHEVROLET MALIBU;HONDA: ACCORD;CHEVROLET Cruze;BMW 745;CITROEN DS3;HONDA CIVIC
Brilliance FRV;CHEVROLET NIVA;HONDA: CIVIC;CHEVROLET Epica;BMW 750;CITROEN DS4;HONDA CR-V
Brilliance H230;CHEVROLET ORLANDO;HONDA: CROSSTOUR;CHEVROLET Equinox;BMW 760;CITROEN DS5;HONDA CROSSTOUR
Brilliance H530;CHEVROLET SPARK;HONDA: CRV;CHEVROLET Express;BMW 2-я серия;CITROEN Другие легковые ТС;HONDA FIT
Brilliance M1;CHEVROLET TAHOE;HONDA: ELEMENT, PILOT;CHEVROLET Lacetti;BMW X4;CITROEN Минивэны;HONDA JAZZ
Brilliance M2;CHEVROLET TRAILBLAZER;HONDA: HRV, RIDGELINE;CHEVROLET Lanos;BMW 730 LONG;DAEWOO Matiz;HONDA PILOT
Brilliance V5;CHRYSLER 300C;HONDA: JAZZ;CHEVROLET Malibu;BMW 740 LONG;DAEWOO Nexia;HONDA ОСТАЛЬНЫЕ
Cadillac ATS;CHRYSLER GRAND VOYAGER;HONDA: LEGEND;CHEVROLET Omega;BMW 750 LONG;DAEWOO Другие легковые ТС;HYUNDAI ACCENT
Cadillac BLS;CHRYSLER PT CRUISER;HONDA: ПРОЧИЕ;CHEVROLET Orlando;BMW 760 LONG;DAIHATSU Все модели;HYUNDAI AVANTE
Cadillac CT6;CHRYSLER TOWN & COUNTRY;HUMMER: H-1, H-2, H-3;CHEVROLET Rezzo;BMW ACTIVEHYBRID7;DATSUN on-DO;HYUNDAI ELANTRA
Cadillac CTS;CITROEN AIRCROSS;HYUNDAI: ACCENT;CHEVROLET Spark;BMW ACTIVEHYBRID7 LONG;DATSUN mi-DO;HYUNDAI GETZ
Cadillac Escalade;CITROEN BERLINGO;HYUNDAI: COUPE, GRANDEUR, NF;CHEVROLET Suburban;BMW ACTIVEHYBRIDX6;DODGE Внедорожники;HYUNDAI H1
Cadillac SRX;CITROEN C1;HYUNDAI: ELANTRA;CHEVROLET Tahoe;BMW GRAN TURISMO 530;DODGE Другие легковые ТС;HYUNDAI I20
Cadillac STS;CITROEN C2;HYUNDAI: EQUUS;CHEVROLET Trailbrazer;BMW GRAN TURISMO 535;FAW Besturn B50;HYUNDAI I30
Cadillac XT5;CITROEN C3;HYUNDAI: GENESIS, GENESIS COUPE;CHEVROLET Viva;BMW GRAN TURISMO 550;FAW грузовые фургоны разрешенной max массой до 3,5т.;HYUNDAI I40
Caterham Seven;CITROEN C3 PICASSO;HYUNDAI: GETZ;CHRYSLER 300C;BMW M3;FAW Другие легковые ТС;HYUNDAI IX35
Changan CS35;CITROEN C4;HYUNDAI: GRANDE STAREX, STAREX;CHRYSLER Cirrus;BMW M4;FERRARI все модели;HYUNDAI IX55
Changan CS75;CITROEN C4 GRAND PICASSO;HYUNDAI: H1;CHRYSLER Concorde;BMW M5;FIAT Albea;HYUNDAI MATRIX
Changan Eado;CITROEN C4 PICASSO;HYUNDAI: I10;CHRYSLER Crossfire;BMW M6;FIAT Другие легковые ТС;HYUNDAI PORTER
Changan Raeton;CITROEN C5;HYUNDAI: I20;CHRYSLER Grand Voyager;BMW X1;FIAT Минивэны;HYUNDAI SANTA FE
Chery Amulet;CITROEN C-CROSSER;HYUNDAI: I30;CHRYSLER Intrepid;BMW X3;FORD Ecosport;HYUNDAI SOLARIS
Chery Arrizo 7;CITROEN C-ELYSEE;HYUNDAI: I40;CHRYSLER Pacifica;BMW X5;FORD Explorer;HYUNDAI SONATA
Chery Bonus;CITROEN DS3;HYUNDAI: IX35, IX36, IX37;CHRYSLER PT Cruiser;BMW X5 M;FORD Fiesta;HYUNDAI TUCSON
Chery Bonus 3;CITROEN DS4;HYUNDAI: IX55, IX56;CHRYSLER Sebring;BMW X6;FORD Focus;HYUNDAI ОСТАЛЬНЫЕ
Chery CrossEastar;CITROEN DS5;HYUNDAI: MATRIX, TAGER, TRAJET;CHRYSLER Town And Country;BMW X6 M;FORD Fusion;INFINITI Q50/60 (G)
Chery Eastar;CITROEN JUMPER микроавтобус;HYUNDAI: SANTA FE;CHRYSLER Voyager;BMW Z4;FORD Galaxy;INFINITI Q70 (M)
Chery Fora;CITROEN JUMPER микрогрузовик;HYUNDAI: SOLARIS;CITROEN Berlingo;BMW Z4 M;FORD Kuga;INFINITI QX50 (EX)
Chery IndiS;CITROEN JUMPY;HYUNDAI: SONATA;CITROEN C1;BRILLIANCE M1;FORD Mondeo;INFINITI QX60 (JX)
Chery Kimo;DAEWOO GENTRA;HYUNDAI: TERRACAN;CITROEN C2;BRILLIANCE M2;FORD Ranger;INFINITI QX70 (FX)
Chery M11;DAEWOO MATIZ;HYUNDAI: TUCSON;CITROEN C3;BYD F0;FORD S-Max;INFINITI QX80 (QX)
Chery QQ;DAEWOO NEXIA;HYUNDAI: VELOSTER;CITROEN C3 Picasso;BYD F3;FORD Внедорожники;IRAN KHODRO SAMAND
Chery QQ6;DAF DAF автобус;HYUNDAI: VERNA;CITROEN C4;BYD FLYER;FORD Другие легковые ТС;IZH ВСЕ
Chery Tiggo;DAF DAF седельный тягач;HYUNDAI: ПРОЧИЕ;CITROEN C4 AirCross;CADILLAC ATS;FORD Минивэны;JAGUAR ВСЕ
Chery Tiggo 2;DAF DAF спец. техника;INFINITI: EX;CITROEN C4 Picasso;CADILLAC CTS;GEELY Emgrand;JEEP COMPASS (RENEGADE)
Chery Tiggo 3;DAF DAF фургон/грузовик;INFINITI: FX;CITROEN C5;CADILLAC CTS-V;GEELY MK;JEEP GRAND CHEROKEE
Chery Tiggo 5;DAIHATSU SIRION;INFINITI: G;CITROEN C6;CADILLAC DE VILLE;GEELY Другие легковые ТС;JEEP ОСТАЛЬНЫЕ
Chery Tiggo FL;DAIHATSU TERIOS;INFINITI: I, M;CITROEN C-Crosser;CADILLAC DTS;GMC Все модели;KIA BONGO
Chery Very;DATSUN ON-DO;INFINITI: Q, QX;CITROEN C-Elysee;CADILLAC ESCALADE;GREAT WALL Hover;KIA CEE'D
Chevrolet Aveo;DODGE AVENGER;INFINITI: ПРОЧИЕ;CITROEN DS3;CADILLAC SEVILLE;GREAT WALL Sailor;KIA CERATO
Chevrolet Camaro;DODGE CALIBER;JAGUAR: XF;CITROEN DS4;CADILLAC SRX;GREAT WALL Другие легковые ТС;KIA MOHAVE
Chevrolet Captiva;DODGE CARAVAN;JAGUAR: XJ;CITROEN DS5;CADILLAC STS;HONDA Accord;KIA OPTIMA
Chevrolet Cobalt;DODGE DURANGO;JAGUAR: ПРОЧИЕ;CITROEN Picasso;CADILLAC XLR;HONDA Civic;KIA PICANTO
Chevrolet Corvette;DODGE GRAND CARAVAN;JEEP: ВСЕ;CITROEN Xsara;CHANGAN CS35;HONDA CR-V;KIA RIO
Chevrolet Cruze;DODGE JOURNEY;KIA: CARENS, MAGENTIS, OPIRUS, VENGA;CITROEN Xsara Picasso;CHANGAN EADO;HONDA Crosstour;KIA SORENTO
Chevrolet Epica;DODGE NITRO;KIA: CARNIVAL;DAEWOO Espero;CHANGAN RAETON;HONDA Jazz;KIA SOUL
Chevrolet Lacetti;DODGE RAM;KIA: CEED, CEED SW, ED, PRO CEED;DAEWOO Gentra;CHANGFENG FLYING;HONDA Pilot;KIA SPECTRA
Chevrolet Lanos;DONGFENG H30;KIA: CERATO;DAEWOO Matiz;CHERY A21;HONDA Внедорожники;KIA SPORTAGE
Chevrolet Malibu;DONGFENG S30;KIA: MOHAVE;DAEWOO Nexia;CHERY AMULET;HONDA Другие легковые ТС;KIA VENGA
Chevrolet Niva;FAW BESTURN;KIA: OPTIMA;DAEWOO Nubira;CHERY B14;HONDA Минивэны;KIA ОСТАЛЬНЫЕ
Chevrolet Orlando;FAW V5;KIA: PICANTO;DAEWOO Winstorm;CHERY BONUS;HUMMER все модели;LADA GRANTA
Chevrolet Spark;FAW FAW седельный тягач;KIA: RIO;DAIHATSU Altis;CHERY CROSS EASTAR;HYUNDAI Accent;LADA KALINA
Chevrolet Tahoe;FAW FAW спец. техника;KIA: SHUMA, SPECTRA;DAIHATSU Sirion;CHERY FLORID;HYUNDAI Elantra;LADA LARGUS (VESTA)
Chevrolet Tracker;FAW FAW фургон/грузовик;KIA: SORENTO;DAIHATSU Terios;CHERY FORA;HYUNDAI Equus;LADA PRIORA
Chevrolet TrailBlazer;FIAT 500;KIA: SOUL;DAIHATSU Yrv;CHERY INDIS;HYUNDAI Genesis;LADA SAMARA
Chrysler 300C;FIAT ALBEA;KIA: SPORTAGE;DATSUN mi-DO;CHERY KIMO;HYUNDAI Getz;LADA ДЕСЯТКА
Chrysler Grand Voyager;FIAT BRAVO;KIA: ПРОЧИЕ;DATSUN on-DO;CHERY M11;HYUNDAI Grandeur;LADA КЛАССИКА
Chrysler PT Cruiser;FIAT DOBLO;LAND ROVER: DEFENDER;DERWAYS 233300;CHERY MIKADO;HYUNDAI I20;LADA НИВА
Chrysler Pacifica;FIAT FREEMONT;LAND ROVER: DISCOVERY;DERWAYS Aurora;CHERY ORIENTAL SON;HYUNDAI I30;LADA ОКА
Chrysler Sebring;FIAT LINEA;LAND ROVER: EVOQUE, RANGE ROVER EVOQUE;DODGE Avenger;CHERY QQ6;HYUNDAI I40;LAND ROVER DEFENFER
Citroen Berlingo;FIAT PUNTO;LAND ROVER: FREELANDER;DODGE Caliber;CHERY SWEET;HYUNDAI IX35;LAND ROVER DISCOVERY
Citroen Berlingo First;FIAT DUCATO микроавтобус;LAND ROVER: RANGE ROVER, RANGE ROVER SPORT;DODGE Caravan;CHERY TIGGO;HYUNDAI IX55;LAND ROVER FREELANDER
Citroen C-Crosser;FIAT DUCATO микрогрузовик;LAND ROVER: ПРОЧИЕ;DODGE Challenger;CHERY VERY;HYUNDAI NF;LAND ROVER RANGE ROVER
Citroen C-Elysee;FORD C-MAX;LEXUS: CT 200H;DODGE Durango;CHERY WINCLOUD;HYUNDAI Santa Fe;LAND ROVER RANGE ROVER EVOQUE
Citroen C1;FORD ECOSPORT;LEXUS: ES;DODGE Intrepid;CHEVROLET ALERO;HYUNDAI Solaris;LAND ROVER RANGE ROVER SPORT
Citroen C3;FORD EDGE;LEXUS: GS;DODGE Journey;CHEVROLET ASTRO VAN;HYUNDAI Sonata;LEXUS ES
Citroen C3 Aircross;FORD ESCAPE;LEXUS: GX;DODGE Magnum;CHEVROLET AVALANCHE;HYUNDAI Tucson;LEXUS GS
Citroen C4;FORD EXPLORER;LEXUS: IS;DODGE Neon;CHEVROLET AVEO;HYUNDAI Veloster;LEXUS GX
Citroen C4 Aircross;FORD FIESTA;LEXUS: LS;DODGE Nitro;CHEVROLET BLAZER;HYUNDAI Внедорожники;LEXUS IS
Citroen C5;FORD FOCUS;LEXUS: LX;DODGE Ram;CHEVROLET CAPTIVA;HYUNDAI Другие легковые ТС;LEXUS LX
Citroen C6;FORD F-SERIES;LEXUS: RX;DODGE Stealth;CHEVROLET CAVALIER;HYUNDAI Минивэны;LEXUS NX
Citroen DS3;FORD FUSION;LEXUS: SC;DODGE Stratus;CHEVROLET CLASSIC;INFINITI EX/QX50;LEXUS RX
Citroen DS4;FORD GALAXY;LEXUS: ПРОЧИЕ;FAW All models;CHEVROLET COBALT;INFINITI FX/QX70;LEXUS ОСТАЛЬНЫЕ
Citroen DS5;FORD KUGA;LIFAN: BREEZ, SMILY, SOLANO;FERRARI All models;CHEVROLET CORVETTE;INFINITI G;LIFAN SMILY
Citroen Grand C4;FORD MONDEO;MAZDA: 2;FIAT 500;CHEVROLET CRUZE;INFINITI JX/QX60;LIFAN SOLANO
Citroen Xsara;FORD RANGER;MAZDA: 3;FIAT Albea;CHEVROLET ENVOY;INFINITI M;LIFAN X60
DW Hower H3;FORD S-MAX;MAZDA: 5, MPV, MX-5, RX-8;FIAT Bravo;CHEVROLET EPICA;INFINITI QX/QX80;LIFAN ОСТАЛЬНЫЕ
DW Hower H5;FORD TOURNEO CONNECT;MAZDA: 6;FIAT Croma;CHEVROLET EVANDA;INFINITI Другие легковые ТС;MAZDA 2
Daewoo Gentra;FORD TOURNEO CUSTOM;MAZDA: BT-50, B2500, TRIBUTE;FIAT Doblo;CHEVROLET EXPRESS;ISUZU Внедорожники;MAZDA 3
Daewoo Matiz;FORD TRANSIT CONNECT;MAZDA: CX-5;FIAT Freemont;CHEVROLET HHR;IVECO все модели категории В (разрешенной max массой до 3.5 т.);MAZDA 6
Daewoo Nexia;FORD TRANSIT VAN;MAZDA: CX-7, CX-9;FIAT Linea;CHEVROLET IMPALA;JAGUAR XE;MAZDA CX-5
Datsun mi-DO;FORD TRANSIT микроавтобус;MAZDA: ПРОЧИЕ;FIAT Panda;CHEVROLET LACETTI;JAGUAR XF;MAZDA CX-7
Datsun on-DO;FORD TRANSIT микрогрузовик;MERCEDES: A-СLASSE;FIAT Punto;CHEVROLET LANOS;JAGUAR XJ;MAZDA DEMIO
Dodge Caliber;FORD FORD автобус;MERCEDES: B-СLASSE;FIAT Sedici;CHEVROLET LUMINA;JAGUAR Другие легковые ТС;MAZDA ОСТАЛЬНЫЕ
Dodge Journey;FORD FORD седельный тягач;MERCEDES: CLC-СLASSE;FORD C-Max;CHEVROLET MALIBU;JEEP Cherokee;MERCEDES-BENZ A-CLASS
Dodge Nitro;FORD FORD спец. техника;MERCEDES: CLK-СLASSE;FORD Cougar;CHEVROLET MONTE CARLO;JEEP Grand Cherokee;MERCEDES-BENZ B-CLASS
Dongfeng (DFM) AX7;FORD FORD фургон/грузовик;MERCEDES: CLS-СLASSE;FORD EcoSport;CHEVROLET ORLANDO;JEEP Внедорожники;MERCEDES-BENZ C-CLASS
Dongfeng (DFM) H30;FOTON FOTON седельный тягач;MERCEDES: CL-СLASSE;FORD Edge;CHEVROLET REZZO;JMC Все модели;MERCEDES-BENZ CLA-CLASS
Dongfeng (DFM) S30;FOTON FOTON спец. техника;MERCEDES: C-СLASSE;FORD Escape;CHEVROLET SPARK;KIA Carens;MERCEDES-BENZ CLS-CLASS
FAW Besturn B50;FOTON FOTON фургон/грузовик;MERCEDES: E-СLASSE;FORD Escort;CHEVROLET SSR;KIA Cee'd;MERCEDES-BENZ E-CLASS
FAW Besturn B70;GEELY EMGRAND;MERCEDES: GLK-СLASSE;FORD Excursion;CHEVROLET STARCRAFT;KIA Cerato;MERCEDES-BENZ G-CLASS
FAW Besturn X80;GEELY MK;MERCEDES: GL-СLASSE;FORD Expedition;CHEVROLET SUBURBAN;KIA Opirus;MERCEDES-BENZ GL-CLASS
FAW Oley;GREAT WALL HOVER;MERCEDES: G-СLASSE;FORD Explorer;CHEVROLET TAHOE;KIA Optima;MERCEDES-BENZ GLK-CLASS
FAW V2;GREAT WALL WINGLE;MERCEDES: ML-СLASSE;FORD Fiesta;CHEVROLET TRACKER;KIA Picanto;MERCEDES-BENZ ML-CLASS
FAW V5;HAIMA 3;MERCEDES: M-СLASSE;FORD Fiesta ST (RS);CHEVROLET TRAILBLAZER;KIA Quoris;MERCEDES-BENZ S-CLASS
FAW Vita;HAIMA 7;MERCEDES: R-СLASSE;FORD Five Hundred;CHEVROLET UPLANDER;KIA Rio;MERCEDES-BENZ SPRINTER
Ferrari 458;HAIMA M3;MERCEDES: SLK-СLASSE;FORD Flex;CHEVROLET VAN;KIA Sorento;MERCEDES-BENZ VIANO
Ferrari 488;HINO HINO иностр. автобусы;MERCEDES: SL-СLASSE;FORD Focus;CHEVROLET VENTURE;KIA Soul;MERCEDES-BENZ ОСТАЛЬНЫЕ
Ferrari 599;HINO HINO иностр. седельные тягачи;MERCEDES: S-СLASSE;FORD Focus ST (RS);CHEVROLET VIVA;KIA Sportage;MINI ВСЕ
Ferrari 812 Superfast;HINO HINO иностр. спец. техника на шасси;MERCEDES: V, VIANO, VITO;FORD F-Series;CHRYSLER 300C;KIA Venga;MITSUBISHI ASX
Ferrari California;HINO HINO иностр. фургон/грузовик;MERCEDES: ПРОЧИЕ;FORD Fusion;CHRYSLER 300M;KIA Внедорожники;MITSUBISHI L200
Ferrari F12;HONDA ACCORD;MINI: ВСЕ;FORD Galaxy;CHRYSLER ASPEN;KIA Другие легковые ТС;MITSUBISHI LANCER
Ferrari FF;HONDA CIVIC;MITSUBISHI: ASX;FORD Kuga;CHRYSLER CONCORDE;KIA Минивэны;MITSUBISHI OUTLANDER
Ferrari GTC4Lusso;HONDA CROSSTOUR;MITSUBISHI: COLT;FORD Maverick;CHRYSLER CROSSFIRE;LAMBORGHINI Все модели;MITSUBISHI PAJERO
Ferrari LaFerrari;HONDA CR-V;MITSUBISHI: GALANT, GRANDIS;FORD Mondeo;CHRYSLER GRAND VOYAGER;LAND ROVER Defender;MITSUBISHI PAJERO SPORT
Ferrari Portofino;HONDA ELEMENT;MITSUBISHI: L200;FORD Mustang;CHRYSLER LHS;LAND ROVER Discovery;MITSUBISHI ОСТАЛЬНЫЕ
Fiat 500;HONDA HR-V;MITSUBISHI: LANCER;FORD Ranger;CHRYSLER NEON;LAND ROVER Discovery Sport;NISSAN ALMERA
Fiat Albea;HONDA JAZZ;MITSUBISHI: OUTLANDER;FORD S-Max;CHRYSLER PACIFICA;LAND ROVER Freelander;NISSAN JUKE
Fiat Bravo;HONDA PILOT;MITSUBISHI: PAJERO, PAJERO PININ, PAJERO SPORT;FORD Thunderbird;CHRYSLER PT CRUISER;LAND ROVER Range Rover;NISSAN MICRA
Fiat Croma;HONDA RIDGELINE;MITSUBISHI: ПРОЧИЕ;FORD Tourneo;CHRYSLER SEBRING;LAND ROVER Range Rover Sport;NISSAN MURANO
Fiat Doblo;HONDA ;NISSAN: ALMERA;GEELY All models;CHRYSLER TOWN & COUNTRY;LAND ROVER Range Rover Evoque;NISSAN NAVARA
Fiat Freemont;HOWO HOWO седельный тягач;NISSAN: ARMADA, Z 350;GMC Canyon;CHRYSLER VOYAGER;LEXUS CT;NISSAN NOTE
Fiat Grande Punto;HOWO HOWO спец. техника;NISSAN: JUKE;GMC Envoy;CITROEN BERLINGO;LEXUS ES;NISSAN NP300
Fiat Linea;HOWO HOWO фургон/грузовик;NISSAN: MAXIMA, PRIMERA;GMC Yukon;CITROEN BERLINGO FIRST;LEXUS GS;NISSAN PATHFINDER
Fiat Panda;HUMMER H2;NISSAN: MICRA;GMС Savana;CITROEN C1;LEXUS GX;NISSAN PATROL
Fiat Punto;HUMMER H3;NISSAN: MURANO;GREAT WALL All models;CITROEN C2;LEXUS IS;NISSAN PRIMERA
Fiat Sedici;HYUNDAI ACCENT;NISSAN: NAVARA;HAFEI All models;CITROEN C3;LEXUS LS;NISSAN QASHQAI
Ford C-Max;HYUNDAI AVANTE;NISSAN: NOTE;HAIMA All models;CITROEN C3 PICASSO;LEXUS LX;NISSAN TEANA
Ford EcoSport;HYUNDAI ELANTRA;NISSAN: NP300;HONDA Accord;CITROEN C4;LEXUS RX;NISSAN TERRANO
Ford Edge;HYUNDAI EQUUS;NISSAN: PATHFINDER;HONDA Airwave;CITROEN C4 AIRCROSS;LEXUS SC;NISSAN TIIDA
Ford Escape;HYUNDAI GENESIS;NISSAN: PATROL;HONDA Ascot;CITROEN C4 COUPE;LEXUS Другие легковые ТС;NISSAN X-TRAIL
Ford Explorer;HYUNDAI GETZ;NISSAN: QASHQAI;HONDA Avancier;CITROEN C4 PICASSO;LIFAN Breez (520);NISSAN ОСТАЛЬНЫЕ
Ford Fiesta;HYUNDAI GRANDEUR;NISSAN: TEANA;HONDA City;CITROEN C5;LIFAN Cebrium;OPEL ANTARA
Ford Focus;HYUNDAI GRAND SANTA FE;NISSAN: TIIDA;HONDA Civic;CITROEN C6;LIFAN X50;OPEL ASTRA
Ford Fusion;HYUNDAI i20;NISSAN: X-TRAIL;HONDA Civic Type-R;CITROEN C8;LIFAN X60;OPEL CORSA
Ford Galaxy;HYUNDAI i30;NISSAN: ПРОЧИЕ;HONDA Crossroad;CITROEN C-CROSSER;LIFAN 620 (Solano);OPEL INSIGNIA
Ford Grand C-Max;HYUNDAI i40;OPEL: AGILA, CORSA;HONDA Crosstour;CITROEN C-ELYSEE;LIFAN Smily (320);OPEL MERIVA
Ford Kuga;HYUNDAI ix35;OPEL: ANTARA;HONDA CRV;CITROEN DS3;LIFAN Другие легковые ТС;OPEL MOKKA
Ford Mondeo;HYUNDAI ix55;OPEL: ASTRA;HONDA Element;CITROEN DS4;LINCOLN Внедорожники;OPEL ZAFIRA
Ford S-Max;HYUNDAI MATRIX;OPEL: COMBO, FRONTERA, OMEGA, SIGNUM;HONDA Fit;CITROEN DS5;LINCOLN Другие легковые ТС;OPEL ОСТАЛЬНЫЕ
Foton Sauvana;HYUNDAI NF;OPEL: INSIGNIA;HONDA FRV;CITROEN JUMPER;LOTUS все модели;PEUGEOT 100-e
Geely Atlas;HYUNDAI SANTA FE;OPEL: MERIVA, TIGRA;HONDA HRV;CITROEN GRAND C4 PICASSO;LUXGEN 5;PEUGEOT 200-e
Geely Emgrand;HYUNDAI SANTA FE CLASSIC;OPEL: VECTRA;HONDA Insight;CITROEN JUMPY MULTYSPACE;LUXGEN 7;PEUGEOT 300-e
Geely Emgrand GT;HYUNDAI SOLARIS;OPEL: ZAFIRA;HONDA Inspire;CITROEN SAXO;MASERATI все модели;PEUGEOT 400-e
Geely Emgrand X7;HYUNDAI SONATA;OPEL: ПРОЧИЕ;HONDA Jazz;CITROEN XANTIA;MAXUS все модели категории В (разрешенной max массой до 3.5 т.);PEUGEOT 500-e
Geely GC6;HYUNDAI STAREX;PEUGEOT: 1007;HONDA Legend;CITROEN XSARA;MAYBACH все модели;PEUGEOT BOXER
Geely MK;HYUNDAI TUCSON;PEUGEOT: 106;HONDA Logo;CITROEN XSARA PICASSO;MAZDA 2;PEUGEOT PARTNER
Geely Vision;HYUNDAI VELOSTER;PEUGEOT: 107;HONDA Mobilio;DADI CITY LEADING;MAZDA 3;PEUGEOT SUV
Genesis G80;HYUNDAI VERNA;PEUGEOT: 206;HONDA Odyssey;DADI SHUTTLE;MAZDA 6;PEUGEOT ОСТАЛЬНЫЕ
Genesis G90;HYUNDAI PORTER;PEUGEOT: 207;HONDA Partner;DADI SMOOTHING;MAZDA BT-50;PORSCHE CAYENNE
Great Wall CoolBear;HYUNDAI HD 65;PEUGEOT: 3008;HONDA Pilot;DAEWOO KALOS;MAZDA CX-5;PORSCHE MACAN
Great Wall Cowry;HYUNDAI HD 78;PEUGEOT: 306;HONDA Ridgeline;DAEWOO GENTRA;MAZDA CX-7;PORSCHE PANAMERA
Great Wall Florid;HYUNDAI HYUNDAI автобус;PEUGEOT: 307;HONDA Step WGN;DAEWOO LACETTI;MAZDA Внедорожники;PORSCHE ОСТАЛЬНЫЕ
Great Wall Hover;HYUNDAI HYUNDAI седельный тягач;PEUGEOT: 308;HONDA Stream;DAEWOO LANOS;MAZDA Другие легковые ТС;RENAULT DUSTER
Great Wall Hover H3;HYUNDAI HYUNDAI спец. техника;PEUGEOT: 309;HONDA Torneo;DAEWOO LEGANZA;MAZDA Минивэны;RENAULT FLUENCE
Great Wall Hover H5;HYUNDAI HYUNDAI фургон/грузовик;PEUGEOT: 4007;HUMMER All models;DAEWOO MAGNUS;MERCEDES-BENZ A-класс;RENAULT KANGOO
Great Wall Hover H6;INFINITI EX;PEUGEOT: 4008;HYUNDAI Accent;DAEWOO MATIZ;MERCEDES-BENZ B-класс;RENAULT KOLEOS
Great Wall Hover M2;INFINITI FX;PEUGEOT: 406;HYUNDAI Avante;DAEWOO NEXIA;MERCEDES-BENZ CLS-класс;RENAULT LAGUNA
Great Wall Hover M4;INFINITI G;PEUGEOT: 407;HYUNDAi Coupe;DAEWOO NUBIRA;MERCEDES-BENZ C-класс;RENAULT LOGAN
Great Wall Peri;INFINITI JX;PEUGEOT: 408;HYUNDAI Elantra;DAEWOO TICO;MERCEDES-BENZ CL-класс;RENAULT MASTER
Great Wall Safe;INFINITI M;PEUGEOT: 508;HYUNDAI Equus;DAEWOO WINSTORM;MERCEDES-BENZ CLA-класс;RENAULT MEGANE
Hafei Brio;INFINITI QX56;PEUGEOT: 607;HYUNDAI Galloper;DAIHATSU CUORE;MERCEDES-BENZ E-класс;RENAULT SANDERO
Hafei Princip;INFINITI QX50;PEUGEOT: 806;HYUNDAI Genesis;DAIHATSU SIRION;MERCEDES-BENZ GL-класс;RENAULT SCENIC
Hafei Simbo;INFINITI QX70;PEUGEOT: 807;HYUNDAI Getz;DAIHATSU TERIOS;MERCEDES-BENZ GLA-класс;RENAULT SYMBOL
Haima 3;INFINITI Q50;PEUGEOT: PARTNER;HYUNDAI Grandeur;DAIHATSU TREVIS;MERCEDES-BENZ GLC-класс;RENAULT ОСТАЛЬНЫЕ
Haima 7;INFINITI QX60;PORSCHE: CAYENNE;HYUNDAI I20;DAIHATSU YRV;MERCEDES-BENZ GLE-класс;SEAT ВСЕ
Haima M3;INFINITI Q70;PORSCHE: PANAMERA;HYUNDAI I30;DATSUN MI-DO;MERCEDES-BENZ GLK-класс;SKODA FABIA
Haval H2;INFINITI QX80;PORSCHE: ПРОЧИЕ;HYUNDAI I40;DATSUN ON-DO;MERCEDES-BENZ G-класс;SKODA OCTAVIA
Haval H6;ISUZU N-Series;RENAULT: CLIO, SYMBOL;HYUNDAI IX35;DERWAYS AURORA;MERCEDES-BENZ Maybach S-класс;SKODA RAPID
Haval H8;ISUZU ISUZU фургон/грузовик;RENAULT: DUSTER;HYUNDAI IX55;DERWAYS COWBOY;MERCEDES-BENZ ML-класс;SKODA ROOMSTER
Haval H9;ISUZU ISUZU иностр. автобусы;RENAULT: FLUENCE;HYUNDAI Matrix;DERWAYS DADI SHUTTLE;MERCEDES-BENZ R-класс;SKODA SUPERB
Hawtai Boliger;ISUZU ISUZU иностр. седельные тягачи;RENAULT: KANGOO;HYUNDAI NF Sonata;DERWAYS LAND CROWN;MERCEDES-BENZ S-класс;SKODA YETI
Hawtai Laville;ISUZU ISUZU иностр. спец. техника на шасси;RENAULT: KOLEOS;HYUNDAI Santa Fe;DERWAYS SALADIN;MERCEDES-BENZ SL-класс;SSANG YONG ACTYON
Honda Accord;IVECO DAILY микроавтобус;RENAULT: LATITUDE;HYUNDAI Solaris;DODGE AVENGER;MERCEDES-BENZ SLK-класс;SSANG YONG ACTYON SPORTS
Honda CR-V;IVECO DAILY микрогрузовик;RENAULT: LOGAN, SR;HYUNDAI Sonata;DODGE CALIBER;MERCEDES-BENZ Минивэны;SSANG YONG KYRON
Honda Civic;IVECO IVECO автобус;RENAULT: MEGANE;HYUNDAI Terracan;DODGE CARAVAN;MERCEDES-BENZ GT AMG;SSANG YONG REXTON
Honda Crosstour;IVECO IVECO седельный тягач;RENAULT: SANDERO, SANDERO STEPWAY;HYUNDAI Tiburon;DODGE CHARGER;MERCEDES-BENZ Другие легковые ТС;SSANG YONG ОСТАЛЬНЫЕ
Honda Jazz;IVECO IVECO спец. техника;RENAULT: SCENIC, MEGANE SCENIC;HYUNDAI Trajet;DODGE DURANGO;MINI все модели;SUBARU FORESTER
Honda Legend;IVECO IVECO фургон/грузовик;RENAULT: ПРОЧИЕ;HYUNDAI Tucson;DODGE INTREPID;MITSUBISHI ASX;SUBARU IMPREZA
Honda Pilot;JAC J5;SAAB: ВСЕ;HYUNDAI Veloster;DODGE JOURNEY;MITSUBISHI L200;SUBARU LEGACY
Hummer H2;JAC S5;SEAT: ALTEA, FREETRACK;HYUNDAI Verna;DODGE MAGNUM;MITSUBISHI Lancer;SUBARU OUTBACK
Hummer H3;JAGUAR F-TYPE;SEAT: ПРОЧИЕ;HYUNDAI XG;DODGE NEON;MITSUBISHI Outlander/Outlander XL;SUBARU ОСТАЛЬНЫЕ
Hyundai Accent;JAGUAR XF;SKODA: FABIA, FABIA SCOUT;INFINITI EX/QX50;DODGE NITRO;MITSUBISHI Pajero;SUZUKI GRAND VITARA
Hyundai Creta;JAGUAR XFR;SKODA: OCTAVIA, OCTAVIA SCOUT;INFINITI FX/QX70;DODGE RAM;MITSUBISHI Pajero Sport;SUZUKI JIMNY
Hyundai Elantra;JAGUAR XJ;SKODA: ROOMSTER;INFINITI G/Q50/Q60;DODGE STRATUS;MITSUBISHI Внедорожники;SUZUKI SPLASH
Hyundai Elantra XD;JAGUAR XK;SKODA: SUPERB;INFINITI JX/QX60;FAW ADMIRAL;MITSUBISHI Другие легковые ТС;SUZUKI SWIFT
Hyundai Equus;JAGUAR XKR;SKODA: YETI;INFINITI M/Q70;FAW BESTURN B 50;MITSUBISHI Минивэны;SUZUKI SX4
Hyundai Genesis;JAGUAR X-TYPE;SKODA: ПРОЧИЕ;INFINITI QX56/QX80;FAW BESTURN B 70;NISSAN Almera;SUZUKI ОСТАЛЬНЫЕ
Hyundai Getz;JEEP CHEROKEE;SSANGYONG: ACTYON;IRAN KHODRO Samand;FAW JINN;NISSAN Almera Classic;TAGAZ ВСЕ
Hyundai Grand Santa Fe;JEEP COMMANDER;SSANGYONG: KYRON;ISUZU Vehi Cross;FAW V 2;NISSAN GT-R;TOYOTA AURIS
Hyundai Grandeur;JEEP COMPASS;SSANGYOUNG: REXTON;JAC J5;FAW V 5;NISSAN Juke;TOYOTA AVENSIS
Hyundai Matrix;JEEP GRAND CHEROKEE;SSANGYOUNG: ПРОЧИЕ;JAC Rein;FAW VITA;NISSAN Murano;TOYOTA CAMRY
Hyundai NF;JEEP LIBERTY;SUBARU: FORESTER;JAC S5;FIAT 500;NISSAN Navara;TOYOTA COROLLA
Hyundai Santa Fe;JEEP WRANGLER;SUBARU: IMPREZA, XV;JAGUAR F-Type;FIAT ALBEA;NISSAN Note;TOYOTA HIGHLANDER
Hyundai Solaris;JEEP RENEGADE;SUBARU: LEGACY, LEGACY OUTBACK;JAGUAR S-Type;FIAT BARCHETTA;NISSAN Pathfinder;TOYOTA HILUX
Hyundai Sonata;KIA CARENS;SUBARU: OUTBACK;JAGUAR XF;FIAT BRAVA;NISSAN Patrol;TOYOTA LAND CRUISER
Hyundai Tucson;KIA CARNIVAL;SUBARU: TRIBECA;JAGUAR XJ / XJR;FIAT BRAVO;NISSAN Qashqai/Qashqai+2;TOYOTA LAND CRUISER PRADO
Hyundai Veloster;KIA CEED;SUBARU: ПРОЧИЕ;JAGUAR XK / XKR;FIAT COUPE;NISSAN Sentra;TOYOTA PRIUS
Hyundai Verna;KIA CERATO;SUZUKI: ALTO;JAGUAR X-Type;FIAT CROMA;NISSAN Teana;TOYOTA RAV4
Hyundai i20;KIA CERATO KOUP;SUZUKI: ESCUDO;JEEP Cherokee;FIAT DOBLO;NISSAN Terrano;TOYOTA VENZA
Hyundai i30;KIA MAGENTIS;SUZUKI: GRAND VITARA;JEEP Commander;FIAT DOBLO CARGO;NISSAN Tiida;TOYOTA VERSO
Hyundai i40;KIA MOHAVE;SUZUKI: IGNIS;JEEP Compass;FIAT DOBLO PANORAMA;NISSAN X-Trail;TOYOTA ОСТАЛЬНЫЕ
Hyundai ix35;KIA OPTIMA;SUZUKI: JIMNY;JEEP Grand Cherokee;FIAT DUCATO;NISSAN Внедорожники;UAZ HUNTER
Hyundai ix55;KIA PICANTO;SUZUKI: KIZASHI;JEEP Liberty;FIAT FREEMONT;NISSAN Другие легковые ТС;UAZ PATRIOT
Infiniti EX;KIA QUORIS;SUZUKI: LIANA;JEEP Wrangler;FIAT GRANDE PUNTO;NISSAN Минивэны;UAZ PICKUP
Infiniti FX;KIA RIO;SUZUKI: SPLASH;KIA Avella;FIAT IDEA;OPEL Antara;UAZ БУХАНКА
Infiniti G;KIA SORENTO;SUZUKI: SWIFT;KIA Carens;FIAT LINEA;OPEL Astra;UAZ ГРУЗОВОЙ
Infiniti JX;KIA SOUL;SUZUKI: SX-4;KIA Carnival;FIAT MAREA;OPEL Corsa;VIS ВСЕ
Infiniti M;KIA SPECTRA;SUZUKI: VITARA;KIA Ceed;FIAT MULTIPLA;OPEL Insignia;VOLKSWAGEN AMAROK
Infiniti Q30;KIA SPORTAGE;SUZUKI: XL-7 ;KIA Cerato;FIAT PALIO;OPEL Meriva;VOLKSWAGEN CADDY
Infiniti Q50;KIA VENGA;SUZUKI: ПРОЧИЕ;KIA Joice;FIAT PANDA;OPEL Mokka;VOLKSWAGEN CARAVELLE
Infiniti Q60;KIA BONGO;TOYOTA: ALPHARD;KIA Magentis;FIAT PUNTO;OPEL Zafira;VOLKSWAGEN CRAFTER
Infiniti Q70;KIA KIA автобус;TOYOTA: AURIS;KIA Mohave;FIAT PUNTO ACTUAL;OPEL Другие легковые ТС;VOLKSWAGEN GOLF
Infiniti QX;KIA KIA фургон/грузовик;TOYOTA: AVENSIS;KIA Opirus;FIAT PUNTO EVO;OPEL Минивэны;VOLKSWAGEN JETTA
Infiniti QX30;LAND ROVER DEFENDER;TOYOTA: CAMRY;KIA Optima;FIAT QUBO;PEUGEOT 107;VOLKSWAGEN MULTIVAN
Infiniti QX50;LAND ROVER DISCOVERY III;TOYOTA: COROLLA;KIA Picanto;FIAT SEDICI;PEUGEOT 2008;VOLKSWAGEN PASSAT
Infiniti QX60;LAND ROVER DISCOVERY IV;TOYOTA: ESTIMA;KIA Quoris;FIAT SEICENTO;PEUGEOT 207;VOLKSWAGEN PASSAT CC
Infiniti QX70;LAND ROVER DISCOVERY SPORT;TOYOTA: HARRIER;KIA Rio;FIAT SIENA;PEUGEOT 208;VOLKSWAGEN POLO
Infiniti QX80;LAND ROVER FREELANDER;TOYOTA: HIGHLANDER;KIA Roadster;FIAT STILO;PEUGEOT 3008;VOLKSWAGEN TIGUAN
Iran Khodro Samand;LAND ROVER RANGE ROVER;TOYOTA: HILUX;KIA Sephia;FIAT TIPO;PEUGEOT 301;VOLKSWAGEN TOUAREG
JAC J5;LAND ROVER RANGE ROVER EVOQUE;TOYOTA: KLUGER;KIA Sorento;FIAT ULYSSE;PEUGEOT 308;VOLKSWAGEN TOURAN
JAC S5;LAND ROVER RANGE ROVER SPORT;TOYOTA: LAND CRUISER, LAND CRUISER PRADO;KIA Soul;FORD C-MAX;PEUGEOT 408;VOLKSWAGEN TRANSPORTER
Jaguar E-Pace;LEXUS CT;TOYOTA: MARK II;KIA Spectra;FORD ECOSPORT;PEUGEOT 508;VOLKSWAGEN ОСТАЛЬНЫЕ
Jaguar F-Pace;LEXUS ES;TOYOTA: MARK X;KIA Sportage;FORD EDGE;PEUGEOT 4007;VOLVO S60
Jaguar F-Type;LEXUS GS;TOYOTA: PRIUS;KIA Venga;FORD ESCAPE;PEUGEOT 4008;VOLVO S80
Jaguar I-Pace;LEXUS GX;TOYOTA: RAV4;LAMBORGHINI Gallardo;FORD ESCORT;PEUGEOT Partner;VOLVO V40
Jaguar X-Type;LEXUS IS;TOYOTA: SEQUOIA, TUNDRA;LAND ROVER Defender;FORD EXCURSION;PEUGEOT Внедорожники;VOLVO XC60
Jaguar XE;LEXUS LS;TOYOTA: SURF  ;LAND ROVER Discovery;FORD EXPEDITION;PEUGEOT Другие легковые ТС;VOLVO XC70
Jaguar XF;LEXUS LX;TOYOTA: VERSO;LAND ROVER Freelander;FORD EXPLORER;PEUGEOT Минивэны;VOLVO XC90
Jaguar XFR;LEXUS NX;TOYOTA: WINDOM ;LAND ROVER Range Rover;FORD F;PORSCHE Cayenne;VOLVO ОСТАЛЬНЫЕ
Jaguar XFR-S;LEXUS RC;TOYOTA: YARIS;LAND ROVER Range Rover Evoque;FORD FIESTA;PORSCHE Macan;VORTEX TINGO
Jaguar XJ;LEXUS RX;TOYOTA: ПРОЧИЕ;LAND ROVER Range Rover Sport;FORD FIESTA ST;PORSCHE Другие легковые ТС;VORTEX ОСТАЛЬНЫЕ
Jaguar XJR;LIFAN BREEZE;VOLKSWAGEN: AMAROK;LUXGEN 7;FORD FOCUS;RENAULT Duster;ZAZ ВСЕ
Jaguar XK;LIFAN CEBRIUM;VOLKSWAGEN: BEETLE;LEXUS CT;FORD FREESTYLE;RENAULT Fluence;ДРУГИЕ ИНОСТРАННЫЕ КРОМЕ КИТАЙСКИХ АВТОБУСЫ (ДО 20 М.)
Jaguar XKR;LIFAN CELLIYA;VOLKSWAGEN: BORA;LEXUS ES;FORD FUSION;RENAULT Kangoo;ДРУГИЕ ИНОСТРАННЫЕ КРОМЕ КИТАЙСКИХ АВТОБУСЫ (ОТ 20 М.)
Jaguar XKR-S;LIFAN SMILY;VOLKSWAGEN: CADDY;LEXUS GS;FORD GALAXY;RENAULT Koleos;ДРУГИЕ ИНОСТРАННЫЕ КРОМЕ КИТАЙСКИХ ВНЕДОРОЖНИКИ НЕ ПРЕМИУМ
Jeep Cherokee;LIFAN SOLANO;VOLKSWAGEN: CALIFORNIA;LEXUS GX;FORD GRAND C-MAX;RENAULT Latitude;ДРУГИЕ ИНОСТРАННЫЕ КРОМЕ КИТАЙСКИХ ГРУЗОВЫЕ (ДО 5 Т.)
Jeep Commander;LIFAN X60;VOLKSWAGEN: CROSSPOLO;LEXUS IS;FORD GT;RENAULT Logan;ДРУГИЕ ИНОСТРАННЫЕ КРОМЕ КИТАЙСКИХ ЛЕГКОВЫЕ НЕ ВНЕДОРОЖНИКИ НЕ ПРЕМИУМ
Jeep Compass;LINCOLN MKX;VOLKSWAGEN: EOS;LEXUS LS;FORD KA;RENAULT Megane;ДРУГИЕ ИНОСТРАННЫЕ КРОМЕ КИТАЙСКИХ ЛЕГКОВЫЕ ПРЕМИУМ
Jeep Grand Cherokee;LINCOLN NAVIGATOR;VOLKSWAGEN: GOLF;LEXUS LX;FORD KUGA;RENAULT Sandero;ДРУГИЕ ИНОСТРАННЫЕ КРОМЕ КИТАЙСКИХ ТЯГАЧИ (ОТ 5 Т.)
Jeep Liberty;LUXGEN 7 SUV;VOLKSWAGEN: JETTA;LEXUS NX;FORD MAVERICK;RENAULT Scenic;ДРУГИЕ КИТАЙСКИЕ АВТОБУСЫ (ДО 20 М.)
Jeep Renegade;MAN MAN автобус;VOLKSWAGEN: LUPO;LEXUS RX;FORD MONDEO;RENAULT Symbol;ДРУГИЕ КИТАЙСКИЕ АВТОБУСЫ (ОТ 20 М.)
Jeep Wrangler;MAN MAN седельный тягач;VOLKSWAGEN: MULTIVAN;LEXUS SC;FORD MUSTANG;RENAULT Другие легковые ТС;ДРУГИЕ КИТАЙСКИЕ ГРУЗОВЫЕ (ДО 5 Т.)
Kia Carens;MAN MAN спец. техника;VOLKSWAGEN: PASSAT;LIFAN Breez;FORD RANGER;RENAULT Минивэны;ДРУГИЕ КИТАЙСКИЕ ЛЕГКОВЫЕ ВНЕДОРОЖНИКИ
Kia Carnival;MAN MAN фургон/грузовик;VOLKSWAGEN: PHAETON;LIFAN Cebrium;FORD S-MAX;ROLLS-ROYCE все модели;ДРУГИЕ КИТАЙСКИЕ ЛЕГКОВЫЕ НЕ ВНЕДОРОЖНИКИ
Kia Ceed;MAZDA 2;VOLKSWAGEN: POINTER ;LIFAN Smily;FORD STREET KA;SAAB Все модели;ДРУГИЕ КИТАЙСКИЕ ТЯГАЧИ (ОТ 5 Т.)
Kia Ceed GT;MAZDA 3;VOLKSWAGEN: POLO;LIFAN Solano;FORD TAURUS;SEAT Leon;ДРУГИЕ РОССИЙСКИЕ АВТОБУСЫ (ДО 20 М.)
Kia Cerato;MAZDA 3MPS;VOLKSWAGEN: SCIROCCO;LIFAN X60;FORD THUNDERBIRD;SEAT Другие легковые ТС;ДРУГИЕ РОССИЙСКИЕ АВТОБУСЫ (ОТ 20 М.)
Kia Magentis;MAZDA 5;VOLKSWAGEN: SHARAN;LINCOLN Aviator;FORD TOURNEO CONNECT;SEAT Минивэны;ДРУГИЕ РОССИЙСКИЕ ВНЕДОРОЖНИКИ
Kia Mohave;MAZDA 6;VOLKSWAGEN: TIGUAN;LINCOLN Mark;FORD TRANSIT;SKODA Fabia;ДРУГИЕ РОССИЙСКИЕ ГРУЗОВЫЕ (ДО 5 Т.)
Kia Opirus;MAZDA B-SERIES;VOLKSWAGEN: TOUAREG;LINCOLN MKT;FORD WINDSTAR;SKODA Octavia;ДРУГИЕ РОССИЙСКИЕ ЛЕГКОВЫЕ НЕ ВНЕДОРОЖНИКИ
Kia Optima;MAZDA CX-5;VOLKSWAGEN: TOURAN;LINCOLN MKX;GAZ 3102;SKODA Rapid;ДРУГИЕ РОССИЙСКИЕ ТЯГАЧИ (ОТ 5 Т.)
Kia Picanto;MAZDA CX-7;VOLKSWAGEN: ПРОЧИЕ;LINCOLN Navigator;GAZ 3110;SKODA Roomster;ПРИЦЕПЫ И ПОЛУПРИЦЕПЫ
Kia Quoris;MAZDA CX-9;VOLVO: C30, V40, V50;LINCOLN Town Car;GAZ 3111;SKODA SuperB;СПЕЦТЕХНИКА
Kia Rio;MAZDA MX-5;VOLVO: C70;LOTUS Elise;GAZ 31029;SKODA Yeti;
Kia Rio X-Line;MAZDA ;VOLVO: S40;MASERATI All models;GAZ SIBER;SKODA Другие легковые ТС;
Kia Sorento;MERCEDES-BENZ A-KLASSE;VOLVO: S60;MAYBACH All models;GEELY EMGRAND;SSANGYONG Actyon;
Kia Soul;MERCEDES-BENZ B-KLASSE;VOLVO: S80;MAZDA 2;GEELY EMGRAND X7;SSANGYONG Kyron;
Kia Spectra;MERCEDES-BENZ C-KLASSE;VOLVO: V70;MAZDA 3;GEELY MK;SSANGYONG Rexton;
Kia Sportage;MERCEDES-BENZ CL-KLASSE;VOLVO: XC60, XC70;MAZDA 3 MPS;GEELY MK CROSS;SSANGYONG Внедорожники;
Kia Stinger;MERCEDES-BENZ CLA-KLASSE;VOLVO: XC90;MAZDA 5;GEELY OTAKA;SSANGYONG Минивэны;
Kia Venga;MERCEDES-BENZ CLC-KLASSE;VOLVO: ПРОЧИЕ;MAZDA 6;GEELY SC7;SSANGYONG Другие легковые ТС;
Kia pro Ceed;MERCEDES-BENZ CLK-KLASSE;БОГДАН: 2110, 2111, 2112, 2114 ;MAZDA 6 MPS;GEELY VISION;SUBARU Forester;
Kia pro Ceed GT;MERCEDES-BENZ CLS-KLASSE;ВАЗ: 1117;MAZDA Atenza;GMC SAVANA;SUBARU Impreza;
Lamborghini Aventador;MERCEDES-BENZ E-KLASSE;ВАЗ: 1118;MAZDA Axela;GMC YUKON;SUBARU Legacy;
Lamborghini Gallardo;MERCEDES-BENZ G-KLASSE;ВАЗ: 1119;MAZDA B-Series;GREAT WALL COOLBEAR;SUBARU Outback;
Lamborghini Huracan;MERCEDES-BENZ GL-KLASSE;ВАЗ: 2104;MAZDA Capella;GREAT WALL COWRY;SUBARU XV;
Lamborghini Urus;MERCEDES-BENZ GLA-KLASSE;ВАЗ: 2105;MAZDA CX5;GREAT WALL DEER;SUBARU Внедорожники;
Land Rover Defender;MERCEDES-BENZ GLC-KLASSE;ВАЗ: 2106;MAZDA CX7;GREAT WALL FLORID;SUBARU Другие легковые ТС;
Land Rover Discovery;MERCEDES-BENZ GLE-KLASSE;ВАЗ: 2107;MAZDA CX9;GREAT WALL HOVER;SUZUKI Grand Vitara;
Land Rover Discovery Sport;MERCEDES-BENZ GLK-KLASSE;ВАЗ: 2108;MAZDA Familia;GREAT WALL PEGASUS;SUZUKI Jimny;
Land Rover Freelander II;MERCEDES-BENZ ML-KLASSE;ВАЗ: 2109, 21093, 21099;MAZDA Millenia;GREAT WALL PERI;SUZUKI Kizashi;
Land Rover Range Rover;MERCEDES-BENZ R-KLASSE;ВАЗ: 2110;MAZDA MPV;GREAT WALL SAFE;SUZUKI Splash;
Land Rover Range Rover Evoque;MERCEDES-BENZ S-KLASSE;ВАЗ: 2111;MAZDA MX5;GREAT WALL SAILOR;SUZUKI Swift;
Land Rover Range Rover Sport;MERCEDES-BENZ SL-KLASSE;ВАЗ: 2112;MAZDA Premacy;GREAT WALL SING;SUZUKI SX4;
Land Rover Range Rover Velar;MERCEDES-BENZ SLK-KLASSE;ВАЗ: 2113;MAZDA RX8;GREAT WALL SOKOL;SUZUKI Другие легковые ТС;
Lexus CT;MERCEDES-BENZ CITAN;ВАЗ: 2114;MAZDA Tribute;GREAT WALL SUV;SUZUKI Минивэны;
Lexus ES;MERCEDES-BENZ VIANO;ВАЗ: 2115, 21150;MERCEDES A-Class;GREAT WALL VOLEEX C10;TagAZ Tager;
Lexus GS;MERCEDES-BENZ V-KLASSE;ВАЗ: 2121;MERCEDES B-Class;GREAT WALL WINGLE;TagAZ Внедорожники;
Lexus GS F;MERCEDES-BENZ SPRINTER микроавтобус;ВАЗ: 2123 (CHEVROLET NIVA);MERCEDES C-Class;HAFEI BRIO;TagAZ Другие легковые ТС;
Lexus GX;MERCEDES-BENZ SPRINTER микрогрузовик;ВАЗ: 2131;MERCEDES Citan;HAFEI PRINCIP;TOYOTA Auris;
Lexus IS;MERCEDES-BENZ VITO;ВАЗ: 2170, 21703;MERCEDES CL;HAFEI SIMBO;TOYOTA Avensis;
Lexus LC;MERCEDES-BENZ MERCEDES автобус;ВАЗ: 2171;MERCEDES CLA;HAIMA 3;TOYOTA Camry;
Lexus LS;MERCEDES-BENZ MERCEDES седельный тягач;ВАЗ: 2172;MERCEDES CLC;HAIMA 7;TOYOTA Corolla;
Lexus LX;MERCEDES-BENZ MERCEDES спец. техника;ВАЗ: GRANTA, ЛАДА ГРАНТА, 2190;MERCEDES CLK;HAIMA FAMILY;TOYOTA Highlander;
Lexus NX;MERCEDES-BENZ MERCEDES фургон/грузовик;ВАЗ: KALINA;MERCEDES CLS;HAIMA FRIMA;TOYOTA Hilux;
Lexus RC;MINI COOPER;ВАЗ: PRIORA;MERCEDES E-Class;HAVAL H2;TOYOTA Land Cruiser;
Lexus RX;MINI COUNTRYMAN;ВАЗ: SAMARA;MERCEDES G;HAVAL H6;TOYOTA Land Cruiser Prado;
Lexus SC;MINI ONE;ВАЗ: ПРОЧИЕ;MERCEDES GL;HAVAL H9;TOYOTA RAV4;
Lifan Breez;MITSUBISHI ASX;ГАЗ: 3102, 3110, VOLGA SIBER;MERCEDES GLA;HAVAL Other;TOYOTA Venza;
Lifan Cebrium;MITSUBISHI COLT;ГАЗ: ПРОЧИЕ;MERCEDES GLE;HONDA ACCORD;TOYOTA Verso;
Lifan Celliya;MITSUBISHI GALANT;ЗАЗ: CHANCE, ШАНС, SENS;MERCEDES GLK;HONDA CIVIC;TOYOTA Внедорожники;
Lifan Murman;MITSUBISHI GRANDIS;ИЖ: ВСЕ;MERCEDES M-Class;HONDA CROSSTOUR;TOYOTA Другие легковые ТС;
Lifan Myway;MITSUBISHI i-MiEV;ТАГАЗ С10, С190;MERCEDES R-Class;HONDA CR-V;TOYOTA Минивэны;
Lifan Smily;MITSUBISHI L200;УАЗ: HUNTER, PATRIOT;MERCEDES S-Class;HONDA ELEMENT;VOLKSWAGEN Amarok;
Lifan Solano;MITSUBISHI LANCER;УАЗ: ПРОЧИЕ;MERCEDES SL;HONDA FR-V;VOLKSWAGEN Crafter;
Lifan X50;MITSUBISHI LANCER EVOLUTION;АВТОБЕТОНОСМЕСИТЕЛИ ИНОСТРАННОГО ПРОИЗВОДСТВА;MERCEDES SLK;HONDA HR-V;VOLKSWAGEN Golf;
Lifan X60;MITSUBISHI OUTLANDER;АВТОБЕТОНОСМЕСИТЕЛИ ОТЕЧЕСТВЕННОГО ПРОИЗВОДСТВА;MERCEDES SLR McLaren;HONDA JAZZ;VOLKSWAGEN Jetta;
Lotus Elise;MITSUBISHI PAJERO;АВТОМОБИЛЬНЫЕ КРАНЫ ИНОСТРАННОГО ПРОИЗВОДСТВА;MERCEDES SLS;HONDA LEGEND;VOLKSWAGEN Passat;
Lotus Europa;MITSUBISHI PAJERO SPORT;АВТОМОБИЛЬНЫЕ КРАНЫ ОТЕЧЕСТВЕННОГО ПРОИЗВОДСТВА;MERCURY Mariner;HONDA ODYSSEY;VOLKSWAGEN Phaeton;
Lotus Evora;MITSUBISHI ;ГРУЗОВИКИ И АВТОБУСЫ МАССОЙ ДО 3,5Т ИНОСТРАННОГО ПРОИЗВОДСТВА;MERCURY Monterey;HONDA PILOT;VOLKSWAGEN Polo;
Lotus Exige;MITSUBISHI FUSO;ГРУЗОВИКИ И АВТОБУСЫ МАССОЙ ДО 3,5Т ОТЕЧЕСТВЕННОГО ПРОИЗВОДСТВА;MINI Clubman;HONDA PRELUDE;VOLKSWAGEN Scirocco;
Luxgen 7 SUV;NEOPLAN NEOPLAN автобус;ГРУЗОВИКИ, АВТОБУСЫ МАССОЙ БОЛЕЕ 3,5Т ИНОСТРАННОГО ПРОИЗВОДСТВА;MINI Cooper;HONDA RIDGELINE;VOLKSWAGEN Tiguan;
Marussia B1;NISSAN ALMERA;ГРУЗОВИКИ, АВТОБУСЫ МАССОЙ БОЛЕЕ 16Т ИНОСТРАННОГО ПРОИЗВОДСТВА;MINI Countryman;HONDA SHUTTLE;VOLKSWAGEN Touareg;
Marussia B2;NISSAN JUKE;ГРУЗОВИКИ, АВТОБУСЫ МАССОЙ БОЛЕЕ 3,5Т ОТЕЧЕСТВЕННОГО ПРОИЗВОДСТВА;MINI One;HONDA STREAM;VOLKSWAGEN Другие легковые ТС;
Maserati Ghibli;NISSAN MICRA;ГРУЗОВИКИ, АВТОБУСЫ МАССОЙ БОЛЕЕ 16Т ОТЕЧЕСТВЕННОГО ПРОИЗВОДСТВА;MITSUBISHI Airtrek;HUMMER H2;VOLKSWAGEN Минивэны;
Maserati Grancabrio;NISSAN MURANO;ПРИЦЕПЫ, ПОЛУПРИЦЕПЫ ИНОСТРАННОГО ПРОИЗВОДСТВА;MITSUBISHI ASX;HUMMER H3;VOLVO S40;
Maserati Granturismo;NISSAN NAVARA;ПРИЦЕПЫ, ПОЛУПРИЦЕПЫ ОТЕЧЕСТВЕННОГО ПРОИЗВОДСТВА;MITSUBISHI Carisma;HYUNDAI ACCENT;VOLVO S60;
Maserati Levante;NISSAN NOTE;СЕДЕЛЬНЫЕ ТЯГАЧИ (КРОМЕ МАРКИ SCANIA) ИНОСТРАННОГО ПРОИЗВОДСТВА;MITSUBISHI Colt;HYUNDAI ATOS;VOLVO S80;
Maserati Quattroporte;NISSAN NP300;СЕДЕЛЬНЫЕ ТЯГАЧИ (КРОМЕ МАРКИ SCANIA) ОТЕЧЕСТВЕННОГО ПРОИЗВОДСТВА;MITSUBISHI Diamante;HYUNDAI COUPE;VOLVO XC 60;
Maybach 57;NISSAN PATHFINDER;СПЕЦТЕХНИКА И КОЛЕСНЫЕ ТРАКТОРЫ ИНОСТРАННОГО ПРОИЗВОДСТВА;MITSUBISHI Dion;HYUNDAI ELANTRA;VOLVO XC 70;
Maybach 57S;NISSAN PATROL;СПЕЦТЕХНИКА И КОЛЕСНЫЕ ТРАКТОРЫ ОТЕЧЕСТВЕННОГО ПРОИЗВОДСТВА;MITSUBISHI Eclipse;HYUNDAI EQUUS;VOLVO XC 90;
Maybach 62;NISSAN QASHQAI;МАРКИ И МОДЕЛИ ЛЕГКОВЫХ ТС, НЕ ПЕРЕЧИСЛЕННЫЕ ВЫШЕ ;MITSUBISHI Endeavor;HYUNDAI GALLOPER;VOLVO V40;
Maybach 62S;NISSAN SENTRA;;MITSUBISHI Galant;HYUNDAI GENESIS;VOLVO Другие легковые ТС;
Mazda 2;NISSAN TEANA;;MITSUBISHI Grandis;HYUNDAI GRAND SANTA FE;Vortex  Все модели;
Mazda 3;NISSAN TERRANO;;MITSUBISHI L200;HYUNDAI GETZ;ZAZ Chance;
Mazda 3 MPS;NISSAN TIIDA;;MITSUBISHI Lancer;HYUNDAI GRANDEUR;ZAZ Vida;
Mazda 5;NISSAN TITAN;;MITSUBISHI Lancer Evolution;HYUNDAI H1 STAREX;ZAZ Другие легковые ТС;
Mazda 6;NISSAN X-TRAIL;;MITSUBISHI Mirage;HYUNDAI I10;ВАЗ 1111 (Ока),2104, 2105, 2106, 2107 и все модиф., пикапы;
Mazda CX-5;NISSAN ;;MITSUBISHI Outlander;HYUNDAI I20;ВАЗ 2108, 2109, 2110, 2111, 2112, 2113, 2114, 2115;
Mazda CX-7;NISSAN CABSTAR;;MITSUBISHI Pajero;HYUNDAI I30;ВАЗ Granta и все модиф.;
Mazda CX-9;OPEL ANTARA;;MITSUBISHI Pajero Pinin;HYUNDAI I40;ВАЗ Kalina (1117,1118, 1119) и все модиф.;
Mazda MX-5;OPEL ASTRA;;MITSUBISHI Pajero Sport;HYUNDAI I45;ВАЗ Largus и все модиф.;
Mazda RX-8;OPEL COMBO;;MITSUBISHI RVR;HYUNDAI IX35;ВАЗ Priora (2170) и все модиф.;
Mercedes-Benz A-class;OPEL CORSA;;MITSUBISHI Space Star;HYUNDAI IX55;ВАЗ НИВА/4X4 (2120, 2121, 2123, 2129, 2131);
Mercedes-Benz AMG GT;OPEL INSIGNIA;;NISSAN 350Z;HYUNDAI MATRIX;ВАЗ Другие легковые ТС;
Mercedes-Benz B-class;OPEL MERIVA;;NISSAN AD;HYUNDAI NF;ГАЗ 2410, 3102, 3110 и все модиф.;
Mercedes-Benz C-class;OPEL MOKKA;;NISSAN Almera;HYUNDAI NF SONATA;ГАЗ Пассажирские (до 13 пассажирских мест сидения (вкл.)) 2217, ГАЗ 3221 и все модиф.;
Mercedes-Benz CL-class;OPEL VECTRA;;NISSAN Altima;HYUNDAI PORTER;ГАЗ Фургоны и бортовые (разрешенная max масса до 3,5 т) 3302, ГАЗ 2752, ГАЗ 2705 и все модиф.;
Mercedes-Benz CLA-class;OPEL ZAFIRA;;NISSAN Armada;HYUNDAI SANTA FE;УАЗ Hunter;
Mercedes-Benz CLC-class;OPEL VIVARO микроавтобус;;NISSAN Avenir;HYUNDAI SOLARIS;УАЗ Patriot;
Mercedes-Benz CLS-class;OPEL VIVARO микрогрузовик;;NISSAN Bluebird;HYUNDAI SONATA;CHEVROLET Niva (ВАЗ 21236);
Mercedes-Benz E-class;PEUGEOT 107;;NISSAN Cefiro;HYUNDAI STAREX;VOLGA Siber и все модиф.;
Mercedes-Benz G-class;PEUGEOT 206;;NISSAN Cube;HYUNDAI TERRACAN;Автобусы (ТС категории D), тролейбусы, трамваи Все модели;
Mercedes-Benz GL-class;PEUGEOT 207;;NISSAN Expert;HYUNDAI TIBURON;Грузовые автомобили с разрешенной max массой более 3,5т (кроме ТС марки КамАЗ) Все модели;
Mercedes-Benz GLA-class;PEUGEOT 208;;Nissan Gloria;HYUNDAI TRAJET;Грузовые автомобили с разрешенной max массой более 3,5т марки КамАЗ Все модели;
Mercedes-Benz GLC-class;PEUGEOT 2008;;NISSAN GTR;HYUNDAI TUCSON;Прицепы, полуприцепы Все модели;
Mercedes-Benz GLE-class;PEUGEOT 3008;;NISSAN Juke;HYUNDAI VELOSTER;Спец.техника Все модели;
Mercedes-Benz GLK-class;PEUGEOT 301;;Nissan Laurel;HYUNDAI VERNA;;
Mercedes-Benz GLS-class;PEUGEOT 307;;NISSAN Liberty;HYUNDAI XG;;
Mercedes-Benz M-class;PEUGEOT 308;;NISSAN Maxima;INFINITI EX;;
Mercedes-Benz R-class;PEUGEOT 308 CC;;NISSAN Micra;INFINITI FX;;
Mercedes-Benz S-class;PEUGEOT 4007;;NISSAN Murano;INFINITI G;;
Mercedes-Benz SL-class;PEUGEOT 4008;;NISSAN Navara;INFINITI I;;
Mercedes-Benz SLC-class;PEUGEOT 407;;NISSAN Note;INFINITI JX;;
Mercedes-Benz SLK-class;PEUGEOT 408;;NISSAN NP300;INFINITI M;;
Mercedes-Benz SLS-class;PEUGEOT 508;;NISSAN Pathfinder;INFINITI Q;;
Mercedes-Benz V-class;PEUGEOT PARTNER;;NISSAN Patrol;INFINITI Q50;;
Mercedes-Benz Viano;PEUGEOT RCZ;;NISSAN Prairie;INFINITI Q60;;
Mini (BMW) Mini;PEUGEOT EXPERT;;NISSAN Presage;INFINITI Q70;;
"Mini (BMW) Mini 	Clubman";PEUGEOT BOXER микроавтобус;;NISSAN Primera;INFINITI QX;;
Mini (BMW) Mini Countryman;PEUGEOT BOXER микрогрузовик;;NISSAN Qashqai;INFINITI QX50;;
Mini (BMW) Mini Paceman;PORSCHE 911;;NISSAN Quest;INFINITI QX60;;
Mitsubishi ASX;PORSCHE BOXSTER;;NISSAN Rnessa;INFINITI QX70;;
Mitsubishi Colt;PORSCHE CAYENNE;;NISSAN Safari;INFINITI QX80;;
Mitsubishi Eclipse Cross;PORSCHE CAYMAN;;NISSAN Sentra;IRAN KHODRO SAMAND;;
Mitsubishi Galant;PORSCHE MACAN;;NISSAN Sienna;IRAN KHODRO SOREN;;
Mitsubishi Grandis;PORSCHE PANAMERA;;NISSAN Skyline;ISUZU AXIOM;;
Mitsubishi Lancer Classic;RENAULT CLIO;;NISSAN Stagea;ISUZU RODEO;;
Mitsubishi Lancer Evolution X;RENAULT DUSTER;;NISSAN Sunny;ISUZU TROOPER;;
Mitsubishi Lancer X;RENAULT FLUENCE;;NISSAN Teana;ISUZU WIZARD;;
Mitsubishi Outlander;RENAULT KANGOO;;NISSAN Terrano;JAC REFINE;;
Mitsubishi Outlander Phev;RENAULT KOLEOS;;NISSAN Tiida;JAC REIN;;
Mitsubishi Outlander XL;RENAULT LAGUNA;;NISSAN Titan;JAGUAR F-TYPE;;
Mitsubishi Pajero;RENAULT LATITUDE;;NISSAN Wingroad;JAGUAR XE;;
Mitsubishi Pajero Sport;RENAULT LOGAN;;NISSAN X-Terra;JAGUAR S-TYPE;;
Mitsubishi i-MIEV;RENAULT MEGANE;;NISSAN X-Trail;JAGUAR XF;;
Nissan 370Z;RENAULT SANDERO;;OPEL Ampera;JAGUAR XJ;;
Nissan Almera;RENAULT SCENIC;;OPEL Antara;JAGUAR XK;;
Nissan Almera Classic;RENAULT SYMBOL;;OPEL Astra;JAGUAR XKR;;
Nissan GT-R;RENAULT MASTER микроавтобус;;OPEL Astra OPC;JAGUAR X-TYPE;;
Nissan Juke;RENAULT MASTER микрогрузовик;;OPEL Combo;JEEP CHEROKEE;;
Nissan Micra;RENAULT TRAFIC микроавтобус;;OPEL Corsa;JEEP COMMANDER;;
Nissan Murano;RENAULT TRAFIC микрогрузовик;;OPEL Corsa OPC;JEEP COMPASS;;
Nissan Note;RENAULT RENAULT седельный тягач;;OPEL Frontera;JEEP GRAND CHEROKEE;;
Nissan Pathfinder;RENAULT RENAULT фургон/грузовик;;OPEL Insignia;JEEP LIBERTY;;
Nissan Patrol;SAAB 9-3;;OPEL Insignia OPC;JEEP RENEGADE;;
Nissan Qashqai;SAAB 9-5;;OPEL Meriva;JEEP PATRIOT;;
Nissan Qashqai +2;SCANIA SCANIA автобус;;OPEL Mokka;JEEP WRANGLER;;
Nissan Sentra;SCANIA SCANIA седельный тягач;;OPEL Omega;JMC BAODIAN;;
Nissan Teana;SCANIA SCANIA спец. техника;;OPEL Tigra;KIA AM;;
Nissan Terrano;SCANIA SCANIA фургон/грузовик;;OPEL Vectra;KIA AVELLA;;
Nissan Tiida;SEAT ALHAMBRA;;OPEL Zafira;KIA CEED GT;;
Nissan X-Trail;SEAT ALTEA FREETRACK;;PEUGEOT 1007;KIA CARENS;;
Opel Antara;SEAT IBIZA;;PEUGEOT 107;KIA CARNIVAL;;
Opel Astra;SEAT LEON;;PEUGEOT 2008;KIA CEED;;
Opel Corsa;SETRA SETRA автобус;;PEUGEOT 206 / 207 / 208;KIA CEED SW;;
Opel Insignia;SHAANXI SHAANXI седельный тягач;;PEUGEOT 3008;KIA CERATO;;
Opel Meriva;SHAANXI SHAANXI спец. техника;;PEUGEOT 301;KIA CERATO KOUP;;
Opel Mokka;SHAANXI SHAANXI фургон/грузовик;;PEUGEOT 307 / 308;KIA CLARUS;;
Opel Zafira;SKODA FABIA;;PEUGEOT 4007;KIA DE;;
Opel Zafira Family;SKODA OCTAVIA;;PEUGEOT 4008;KIA ED;;
Opel Zafira Tourer;SKODA RAPID;;PEUGEOT 406 / 407 / 408;KIA FORTE;;
Peugeot 1007;SKODA ROOMSTER;;PEUGEOT 5008;KIA HM;;
Peugeot 107;SKODA SUPERB;;PEUGEOT 508;KIA JB;;
Peugeot 2008;SKODA YETI;;PEUGEOT 607;KIA JOICE;;
Peugeot 206;SMART FORTWO;;PEUGEOT Partner;KIA MAGENTIS;;
Peugeot 207;SSANGYONG ACTYON;;PEUGEOT RCZ;KIA MOHAVE;;
Peugeot 208;SSANGYONG KORANDO;;PONTIAC Vibe;KIA OPIRUS;;
Peugeot 3008;SSANGYONG KYRON;;PORSCHE 911/Boxter/Cayman;KIA OPTIMA;;
Peugeot 301;SSANGYONG REXTON;;PORSCHE Cayenne;KIA PICANTO;;
Peugeot 308;SSANGYONG RODIUS;;PORSCHE Macan;KIA PICANTO TA;;
Peugeot 4007;SSANGYONG STAVIC;;PORSCHE Panamera;KIA PRIDE;;
Peugeot 4008;SUBARU BRZ;;RENAULT 11;KIA PRO CEED;;
Peugeot 407;SUBARU FORESTER;;RENAULT Clio;KIA QUORIS;;
Peugeot 408;SUBARU IMPREZA;;RENAULT Clio RenaultSport;KIA RIO;;
Peugeot 5008;SUBARU IMPREZA WRX/WRX STI;;RENAULT Duster;KIA SEPHIA;;
Peugeot 508;SUBARU LEGACY;;RENAULT Escape;KIA SHUMA;;
Peugeot RCZ;SUBARU OUTBACK;;RENAULT Espace;KIA SL;;
Porsche 718;SUBARU TRIBECA;;RENAULT Fluence;KIA SLS;;
Porsche 911;SUBARU XV;;RENAULT Kangoo;KIA SORENTO;;
Porsche 918;SUBARU ;;RENAULT Koleos;KIA SORENTO XM;;
Porsche Boxster;SUZUKI GRAND VITARA;;RENAULT Laguna;KIA SOUL;;
Porsche Boxster GTS;SUZUKI JIMNY;;RENAULT Latitude;KIA SPECTRA;;
Porsche Boxster S;SUZUKI KIZASHI;;RENAULT Logan;KIA SPORTAGE;;
Porsche Cayenne;SUZUKI LIANA;;RENAULT Megane;KIA VENGA;;
Porsche Cayenne Diesel;SUZUKI SPLASH;;RENAULT Megane Scenic;LADA 1111;;
Porsche Cayenne GTS;SUZUKI SWIFT;;RENAULT Safrane;LADA 1117;;
Porsche Cayenne S;SUZUKI SX4;;RENAULT Sandero;LADA 1118;;
Porsche Cayenne S Diesel;SUZUKI ;;RENAULT Sandero Stepway;LADA 1119;;
Porsche Cayenne S E-Hybrid;TAGAZ ESTINA;;RENAULT Scenic;LADA 2104;;
Porsche Cayenne S Hybrid;TAGAZ ROAD PARTNER;;RENAULT Spider;LADA 2105;;
Porsche Cayenne Turbo;TAGAZ TAGER;;RENAULT Symbol;LADA 2106;;
Porsche Cayenne Turbo S;TAGAZ VORTEX TINGO;;RENAULT Vel Satis;LADA 2107;;
Porsche Cayman;TAGAZ LC 100;;ROLLS ROYCE All models;LADA 2108;;
Porsche Cayman GT4;TOYOTA 4-RUNNER;;ROVER 75;LADA 2109;;
Porsche Cayman GTS;TOYOTA ALPHARD;;SAAB 9-3;LADA 2110;;
Porsche Cayman R;TOYOTA AURIS;;SAAB 9-5;LADA 2111;;
Porsche Cayman S;TOYOTA AVENSIS;;SATURN Vue;LADA 2112;;
Porsche Macan;TOYOTA CAMRY;;SEAT Alhambra;LADA 2113;;
Porsche Macan GTS;TOYOTA COROLLA;;SEAT Altea;LADA 2114;;
Porsche Macan S;TOYOTA FJ CRUISER;;SEAT Ibiza;LADA 2115;;
Porsche Macan S Diesel;TOYOTA FORTUNER;;SEAT Leon;LADA 2120;;
Porsche Macan Turbo;TOYOTA GT86;;SEAT Leon Cupra;LADA 2121;;
Porsche Panamera;TOYOTA HIGHLANDER;;SEAT Toledo;LADA 2123;;
Porsche Panamera 4;TOYOTA HILUX;;SKODA Fabia;LADA 2131;;
Porsche Panamera 4S;TOYOTA LAND CRUISER;;SKODA Fabia RS;LADA 2170;;
Porsche Panamera GTS;TOYOTA LAND CRUISER PRADO;;SKODA Forman;LADA 2171;;
Porsche Panamera S;TOYOTA PRIUS;;SKODA Octavia;LADA 2172;;
Porsche Panamera Turbo;TOYOTA RAV4;;SKODA Octavia RS;LADA 2329;;
Porsche Panamera Turbo S;TOYOTA SEQUOIA;;SKODA Rapid;LADA 21099;;
Ravon Gentra;TOYOTA SIENNA;;SKODA Roomster;LADA 21213;;
Ravon Matiz;TOYOTA TUNDRA;;SKODA Superb;LADA GRANTA;;
Ravon Nexia;TOYOTA VENZA;;SKODA Yeti;LADA KALINA;;
Ravon R2;TOYOTA VERSO;;SMART All models;LADA LARGUS;;
Ravon R4;TOYOTA YARIS;;SSANG YONG All models;LADA PRIORA;;
Renault Clio;TOYOTA ;;SUBARU BRZ;LANCIA DELTA;;
Renault Clio RS;TOYOTA HIACE;;SUBARU Forester;LANCIA LYBRA;;
Renault Dokker;VOLKSWAGEN AMAROK;;SUBARU Impreza (XV);LANCIA MUSA;;
Renault Duster;VOLKSWAGEN BEETLE;;SUBARU Impreza WRX (STI);LANCIA PHEDRA;;
Renault Espace;VOLKSWAGEN CADDY LIFE;;SUBARU Legacy (Outback);LANCIA THESIS;;
Renault Fluence;VOLKSWAGEN GOLF;;SUBARU Tribeca;LANCIA Y;;
Renault Grand Scenic;VOLKSWAGEN GOLF PLUS;;SUBARU XT;LANCIA YPSILON;;
Renault Kangoo Passenger;VOLKSWAGEN JETTA;;SUZUKI Aerio Wagon;LAND ROVER DEFENDER;;
Renault Kaptur;VOLKSWAGEN PASSAT;;SUZUKI Escudo;LAND ROVER DISCOVERY;;
Renault Koleos;VOLKSWAGEN PASSAT CC;;SUZUKI Grand Vitara;LAND ROVER FREELANDER;;
Renault Laguna;VOLKSWAGEN PHAETON;;SUZUKI Ignis;LAND ROVER RANGE ROVER;;
Renault Latitude;VOLKSWAGEN POLO;;SUZUKI Jimny;LAND ROVER RANGE ROVER EVOQUE;;
Renault Logan;VOLKSWAGEN SCIROCCO;;SUZUKI Kei;LAND ROVER RANGE ROVER SPORT;;
Renault Megane;VOLKSWAGEN SHARAN;;SUZUKI Kizashi;LAND ROVER DISCOVERY SPORT;;
Renault Megane RS;VOLKSWAGEN TIGUAN;;SUZUKI Liana;LEXUS CT200H;;
Renault Sandero;VOLKSWAGEN TOUAREG;;SUZUKI Sidekick;LEXUS ES 300H;;
Renault Sandero Stepway;VOLKSWAGEN TOURAN;;SUZUKI Splash;LEXUS ES 330;;
Renault Scenic;VOLKSWAGEN CALIFORNIA;;SUZUKI Swift;LEXUS ES 350;;
Renault Symbol;VOLKSWAGEN CARAVELLE;;SUZUKI SX4;LEXUS GS 300;;
Renault Twizy;VOLKSWAGEN CRAFTER микроавтобус;;SUZUKI Wagon R+;LEXUS GS 350;;
Renault Vel Satis;VOLKSWAGEN CRAFTER микрогрузовик;;TAGAZ (VORTEX) C / LC 100;LEXUS GS 430;;
Rolls-Royce Dawn;VOLKSWAGEN MULTIVAN;;TAGAZ (VORTEX) Corda;LEXUS GS 450H;;
Rolls-Royce Ghost;VOLKSWAGEN TRANSPORTER микроавтобус;;TAGAZ (VORTEX) Estina;LEXUS GS 460;;
Rolls-Royce Phantom;VOLKSWAGEN TRANSPORTER микрогрузовик;;TAGAZ (VORTEX) Road Partner;LEXUS NX;;
Rolls-Royce Wraith;VOLVO C30;;TAGAZ (VORTEX) Tager;LEXUS GX 460;;
SEAT Alhambra;VOLVO C70;;TAGAZ (VORTEX) Tingo;LEXUS GX 470;;
SEAT Altea;VOLVO S40;;TOYOTA 4Runner;LEXUS IS 200;;
SEAT Altea Freetrack;VOLVO S60;;TOYOTA Allex;LEXUS IS 220;;
SEAT Altea XL;VOLVO S80;;TOYOTA Allion;LEXUS IS 250;;
SEAT Exeo;VOLVO V40 CROSS COUNTRY;;TOYOTA Alphard;LEXUS IS 300h;;
SEAT Exeo ST;VOLVO V50;;TOYOTA Altezza;LEXUS IS 350;;
SEAT Ibiza;VOLVO V60;;TOYOTA Auris;LEXUS IS F;;
SEAT Leon;VOLVO V70;;TOYOTA Avalon;LEXUS LS 430;;
Saab 9-3;VOLVO XC60;;TOYOTA Avensis;LEXUS LS 460;;
Saab 9-5;VOLVO XC70;;TOYOTA bB;LEXUS LS 460L;;
Shuanghuan SCEO;VOLVO XC90;;TOYOTA Belta (Yaris);LEXUS LS 600H;;
Skoda Fabia;VOLVO VOLVO автобус;;TOYOTA Caldina;LEXUS LS 600L;;
Skoda Fabia RS;VOLVO VOLVO седельный тягач;;TOYOTA Cami;LEXUS LS 600LH;;
Skoda Kodiaq;VOLVO VOLVO спец. техника;;TOYOTA Camry;LEXUS LX 470;;
Skoda Octavia II;VOLVO VOLVO фургон/грузовик;;TOYOTA Carib;LEXUS LX 570;;
Skoda Octavia II RS;ZAZ CHANCE;;TOYOTA Carina;LEXUS RX 270;;
Skoda Octavia III;ZAZ VIDA;;TOYOTA Celica;LEXUS RX 300;;
Skoda Octavia III RS;БОГДАН БОГДАН автобус;;TOYOTA Chaser;LEXUS RX 330;;
Skoda Octavia Tour;ВАЗ 2104;;TOYOTA Corolla;LEXUS RX 350;;
Skoda Rapid;ВАЗ 2105;;TOYOTA Corolla Spacio;LEXUS RX 400H;;
Skoda Roomster;ВАЗ 2106;;TOYOTA Corona;LEXUS RX 450;;
Skoda Superb;ВАЗ 2107;;TOYOTA Crown;LEXUS RX 450H;;
Skoda Yeti;ВАЗ 2110 БОГДАН;;TOYOTA Duet;LEXUS SC;;
Smart Forfour;ВАЗ 2111 БОГДАН;;TOYOTA Echo;LIFAN BREEZ;;
Smart Fortwo;ВАЗ 2112;;TOYOTA Fj Cruiser;LIFAN CEBRIUM;;
SsangYong Actyon;ВАЗ 2113;;TOYOTA Fortuner;LIFAN SMILY;;
SsangYong Kyron;ВАЗ 2114;;TOYOTA Funcargo;LIFAN SOLANO;;
SsangYong Rexton;ВАЗ 2115;;TOYOTA Gaia;LIFAN X60;;
SsangYong Rodius;ВАЗ 2121 НИВА;;TOYOTA GT86;LINCOLN AVIATOR;;
SsangYong Stavic;ВАЗ 2131 НИВА;;TOYOTA Harrier;LINCOLN LS;;
SsangYong Tivoli;ВАЗ GRANTA;;TOYOTA Highlander;LINCOLN MARK;;
SsangYong XLV;ВАЗ KALINA;;TOYOTA Hilux;LINCOLN MKX;;
Subaru BRZ;ВАЗ LARGUS;;TOYOTA Ipsum;LINCOLN MKZ;;
Subaru Forester;ВАЗ PRIORA;;TOYOTA IQ;LINCOLN NAVIGATOR;;
Subaru Forester tS;ВИС ВИС;;TOYOTA Isis;LINCOLN TOWN CAR;;
Subaru Impreza;ГАЗ 3102;;TOYOTA Ist;LINCOLN ZEPHYR;;
Subaru Legacy;ГАЗ 3110;;TOYOTA Kluger;MAZDA 2;;
Subaru Outback;ГАЗ SIBER;;TOYOTA Land Cruiser;MAZDA 3;;
Subaru Tribeca;ГАЗ ГАЗЕЛЬ (категория D);;TOYOTA Land Cruiser Prado;MAZDA 5;;
Subaru WRX;ГАЗ ГАЗЕЛЬ (категория B);;TOYOTA Mark II;MAZDA 6;;
Subaru WRX STI;ГАЗ СОБОЛЬ;;TOYOTA Matrix;MAZDA 3MPS;;
Subaru XV;ГАЗ ГАЗ седельный тягач;;TOYOTA MR2;MAZDA 6MPS;;
Suzuki Grand Vitara;ГАЗ ГАЗ спец. техника;;TOYOTA Passo;MAZDA B-2500;;
Suzuki Jimny;ГАЗ ГАЗ фургон/грузовик;;TOYOTA Platz;MAZDA BT-50;;
Suzuki Kizashi;ЗИЛ ЗИЛ седельный тягач;;TOYOTA Premio;MAZDA CX-5;;
Suzuki SX4;ЗИЛ ЗИЛ спец. техника;;TOYOTA Prius;MAZDA CX-7;;
Suzuki SX4 Classic;ЗИЛ ЗИЛ фургон/грузовик;;TOYOTA Probox;MAZDA CX-9;;
Suzuki Splash;ИЖ 2126;;TOYOTA Ractis;MAZDA MILLENIA;;
Suzuki Swift;ИЖ 2717;;TOYOTA Raum;MAZDA MPV;;
Suzuki Vitara;КАВЗ КАВЗ автобус;;TOYOTA RAV4;MAZDA MX-5;;
TagAZ Aquila;КАМАЗ КАМАЗ седельный тягач;;TOYOTA Rush;MAZDA MX-6;;
TagAZ C10;КАМАЗ КАМАЗ спец. техника;;TOYOTA Scion;MAZDA MX-7;;
TagAZ C190;КАМАЗ КАМАЗ фургон/грузовик;;TOYOTA Sequoia;MAZDA PREMACY;;
TagAZ C30;ЛИАЗ ЛИАЗ автобус;;TOYOTA Sienna;MAZDA RX-7;;
TagAZ Road Partner;МАЗ МАЗ автобус;;TOYOTA Sprinter;MAZDA RX-8;;
TagAZ Tager;МАЗ МАЗ седельный тягач;;TOYOTA Succed;MAZDA TRIBUTE;;
TagAZ Vega;МАЗ МАЗ спец. техника;;TOYOTA Supra;MAZDA XEDOS 6;;
Toyota Auris;МАЗ МАЗ фургон/грузовик;;TOYOTA Tacoma;MAZDA XEDOS 9;;
Toyota Avensis;НЕФАЗ НЕФАЗ автобус;;TOYOTA Tundra;MERCEDES-BENZ A 140;;
Toyota Camry;ПАЗ ПАЗ автобус;;TOYOTA Vanguard (RAV4);MERCEDES-BENZ A 150;;
Toyota Corolla;ПРИЦЕПЫ ПРИЦЕПЫ иностранные грузовые;;TOYOTA Venza;MERCEDES-BENZ A 160;;
Toyota Fortuner;ПРИЦЕПЫ ПРИЦЕПЫ иностранные легковые;;TOYOTA Verossa;MERCEDES-BENZ A 170;;
Toyota GT86;ПРИЦЕПЫ ПРИЦЕПЫ отечественные грузовые;;TOYOTA Verso;MERCEDES-BENZ A 180;;
Toyota Highlander;ПРИЦЕПЫ ПРИЦЕПЫ отечественные легковые;;TOYOTA Vitz;MERCEDES-BENZ A 220;;
Toyota IQ;ПРОЧИЕ ПРОЧИЕ иностр. малотоннажные;;TOYOTA Will VS;MERCEDES-BENZ A 200;;
Toyota Land Cruiser 200;ПРОЧИЕ ПРОЧИЕ китайские малотоннажные;;TOYOTA Windom;MERCEDES-BENZ A 250;;
Toyota Land Cruiser Prado;ПРОЧИЕ ПРОЧИЕ микроавтобус (категория D);;TOYOTA Wish;MERCEDES-BENZ B 150;;
Toyota Prius;ПРОЧИЕ ПРОЧИЕ микрогрузовик (категория B);;TOYOTA Yaris;MERCEDES-BENZ B 170;;
Toyota Rav4;ПРОЧИЕ ПРОЧИЕ иностр. автобусы;;TVR Tucsan;MERCEDES-BENZ B 180;;
Toyota Venza;ПРОЧИЕ ПРОЧИЕ иностр. седельные тягачи;;VOLKSWAGEN Amarok;MERCEDES-BENZ B 200;;
Toyota Verso;ПРОЧИЕ ПРОЧИЕ иностр. спец. техника на шасси;;VOLKSWAGEN Bora;MERCEDES-BENZ C 160;;
Toyota Yaris;ПРОЧИЕ ПРОЧИЕ иностр. фургон/грузовик;;VOLKSWAGEN Caddy;MERCEDES-BENZ C 180;;
UAZ 3151;ПРОЧИЕ ПРОЧИЕ китайские автобусы;;VOLKSWAGEN Eos;MERCEDES-BENZ C 200;;
UAZ Hunter;ПРОЧИЕ ПРОЧИЕ китайские седельные тягачи;;VOLKSWAGEN Golf;MERCEDES-BENZ C 220;;
UAZ Patriot;ПРОЧИЕ ПРОЧИЕ китайские спец. техника на шасси;;VOLKSWAGEN Golf GTI (R);MERCEDES-BENZ C 230;;
Volkswagen Beetle;ПРОЧИЕ ПРОЧИЕ китайские фургон/грузовик;;VOLKSWAGEN Golf Plus;MERCEDES-BENZ C 240;;
Volkswagen Eos;ПРОЧИЕ ПРОЧИЕ отеч. автобус;;VOLKSWAGEN Jetta;MERCEDES-BENZ C 250;;
Volkswagen Golf Plus;ПРОЧИЕ ПРОЧИЕ отеч. седельный тягач;;VOLKSWAGEN Lupo;MERCEDES-BENZ C 270;;
Volkswagen Golf VI;ПРОЧИЕ ПРОЧИЕ отеч. спец. техника на шасси;;VOLKSWAGEN New Beetle;MERCEDES-BENZ C 280;;
Volkswagen Golf VII;ПРОЧИЕ ПРОЧИЕ отеч. фургон/грузовик;;VOLKSWAGEN Parati;MERCEDES-BENZ C 30 AMG;;
Volkswagen Jetta;СПЕЦТЕХНИКА СПЕЦТЕХНИКА иностранная;;VOLKSWAGEN Passat;MERCEDES-BENZ C 300;;
Volkswagen New Beetle;СПЕЦТЕХНИКА СПЕЦТЕХНИКА отечественная;;VOLKSWAGEN Passat CC;MERCEDES-BENZ C 32 AMG;;
Volkswagen Passat;УАЗ HUNTER;;VOLKSWAGEN Phaeton;MERCEDES-BENZ C 320;;
Volkswagen Phaeton;УАЗ PATRIOT;;VOLKSWAGEN Pointer;MERCEDES-BENZ C 350;;
Volkswagen Polo;УАЗ PICKUP;;VOLKSWAGEN Polo;MERCEDES-BENZ C 50 AMG;;
Volkswagen Scirocco;УАЗ УАЗ микроавтобус (D);;VOLKSWAGEN Scirocco;MERCEDES-BENZ C 55 AMG;;
Volkswagen Sharan;УАЗ УАЗ микрогрузовик (B);;VOLKSWAGEN Sharan;MERCEDES-BENZ C 63 AMG;;
Volkswagen Teramont;УРАЛ УРАЛ седельный тягач;;VOLKSWAGEN Taro;MERCEDES-BENZ CL 500;;
Volkswagen Tiguan;УРАЛ УРАЛ спец. техника;;VOLKSWAGEN Tiguan;MERCEDES-BENZ CL 55 AMG;;
Volkswagen Touareg;УРАЛ УРАЛ фургон/грузовик;;VOLKSWAGEN Touareg;MERCEDES-BENZ CL 600;;
Volkswagen Touran;;;VOLKSWAGEN Touran;MERCEDES-BENZ CL 63;;
Volvo C30;;;VOLVO C30;MERCEDES-BENZ CL 63 AMG;;
Volvo C70;;;VOLVO C70;MERCEDES-BENZ CL 65 AMG;;
Volvo S40;;;VOLVO S40;MERCEDES-BENZ CLA;;
Volvo S60;;;VOLVO S60;MERCEDES-BENZ CLC 180;;
Volvo S80;;;VOLVO S80;MERCEDES-BENZ CLC 200;;
Volvo S90;;;VOLVO V40 Kombi;MERCEDES-BENZ CLC 220;;
Volvo V40;;;VOLVO V50;MERCEDES-BENZ CLC 230;;
Volvo V50;;;VOLVO V60;MERCEDES-BENZ CLC 350;;
Volvo V60;;;VOLVO V70;MERCEDES-BENZ CLK 200;;
Volvo V70;;;VOLVO XC60;MERCEDES-BENZ CLK 220;;
Volvo V90;;;VOLVO XC70;MERCEDES-BENZ CLK 230;;
Volvo XC60;;;VOLVO XC90;MERCEDES-BENZ CLK 240;;
Volvo XC70;;;WIESMANN MF;MERCEDES-BENZ CLK 270;;
Volvo XC90;;;ЗАЗ All models;MERCEDES-BENZ CLK 280;;
Vortex Corda;;;ZX GrandTiger;MERCEDES-BENZ CLK 320;;
Vortex Estina;;;ZX Landmark;MERCEDES-BENZ CLK 350;;
Vortex Estina FL;;;ВАЗ Chevrolet Niva;MERCEDES-BENZ CLK 500;;
Vortex Tingo;;;ВАЗ Granta;MERCEDES-BENZ CLK 55 AMG;;
Vortex Tingo FL;;;ВАЗ Kalina (1117-1119);MERCEDES-BENZ CLK 63 AMG;;
ZAZ Chance;;;ВАЗ Lada (2110-12);MERCEDES-BENZ CLS 280;;
ZAZ Vida;;;ВАЗ Largus;MERCEDES-BENZ CLS 300;;
Zotye T600;;;ВАЗ Nadezhda (2120);MERCEDES-BENZ CLS 320;;
Zotye Z300;;;ВАЗ Niva (2021-23-2131);MERCEDES-BENZ CLS 350;;
ВАЗ 1117 Kalina;;;ВАЗ Oka;MERCEDES-BENZ CLS 500;;
ВАЗ 1118 Kalina;;;ВАЗ Priora (2170-72);MERCEDES-BENZ CLS 55 AMG;;
ВАЗ 1119 Kalina;;;ВАЗ Samara (2108-09-2113-15);MERCEDES-BENZ CLS 63 AMG;;
ВАЗ 21041;;;ВАЗ Zhiguli (2101-07);MERCEDES-BENZ CT;;
ВАЗ 21054;;;ГАЗ Siber;MERCEDES-BENZ E 200;;
ВАЗ 21074;;;ГАЗ Волга;MERCEDES-BENZ E 220;;
ВАЗ 21123;;;ИЖ All models;MERCEDES-BENZ E 230;;
ВАЗ 2113;;;УАЗ 4X4;MERCEDES-BENZ E 240;;
ВАЗ 2114;;;УАЗ Patriot;MERCEDES-BENZ E 250;;
ВАЗ 2115;;;Микроавтобусы иностранные;MERCEDES-BENZ E 270;;
ВАЗ 21214 Niva;;;Автобусы иностранные;MERCEDES-BENZ E 280;;
ВАЗ 21218 Niva;;;Грузовые ТС грузоподъемностью 1,5-10 тонн;MERCEDES-BENZ E 300;;
ВАЗ 21310 Niva;;;Грузовые ТС грузоподъемностью свыше 10 тонн;MERCEDES-BENZ E 320;;
ВАЗ 2170 Priora;;;Микроавтобусы отечественные;MERCEDES-BENZ E 350;;
ВАЗ 2171 Priora;;;Грузовые ТС грузоподъемностью до 3,5 тонн;MERCEDES-BENZ E 350 AMG;;
ВАЗ 2172 Priora;;;Грузовые ТС грузоподъемностью свыше 3,5 тонн;MERCEDES-BENZ E 400;;
ВАЗ 2190 Granta;;;Автобусы отечественные;MERCEDES-BENZ E 420;;
ВАЗ 2191 Granta;;;Прицепы и полуприцепы;MERCEDES-BENZ E 430;;
ВАЗ 2192 Kalina;;;Тяжелая строительная техника;MERCEDES-BENZ E 500;;
ВАЗ 2194 Kalina;;;Тяжелая дорожная техника;MERCEDES-BENZ E 55 AMG;;
ВАЗ Largus;;;Тяжелая спецтехника;MERCEDES-BENZ E 63 AMG;;
ВАЗ Vesta;;;Тракторы;MERCEDES-BENZ G 270;;
ВАЗ xRay;;;Погрузчики;MERCEDES-BENZ G 280;;
ГАЗ 31105;;;Тягачи;MERCEDES-BENZ G 300;;
ГАЗ Siber;;;Строительная и дорожная техника на шасси грузовых ТС;MERCEDES-BENZ G 320;;
;;;Мотоциклы;MERCEDES-BENZ G 350;;
;;;Мотоциклы спортивные;MERCEDES-BENZ G 400;;
;;;;MERCEDES-BENZ G 500;;
;;;;MERCEDES-BENZ G 55 AMG;;
;;;;MERCEDES-BENZ GL 320;;
;;;;MERCEDES-BENZ GL 350;;
;;;;MERCEDES-BENZ GL 420;;
;;;;MERCEDES-BENZ GL 450;;
;;;;MERCEDES-BENZ GL 500;;
;;;;MERCEDES-BENZ GL 550;;
;;;;MERCEDES-BENZ GL AMG;;
;;;;MERCEDES-BENZ GLA;;
;;;;MERCEDES-BENZ GLA AMG;;
;;;;MERCEDES-BENZ GLC;;
;;;;MERCEDES-BENZ GLE;;
;;;;MERCEDES-BENZ GLK 220;;
;;;;MERCEDES-BENZ GLK 280;;
;;;;MERCEDES-BENZ GLK 300;;
;;;;MERCEDES-BENZ GLK 320;;
;;;;MERCEDES-BENZ GLK 350;;
;;;;MERCEDES-BENZ ML 270;;
;;;;MERCEDES-BENZ ML 280;;
;;;;MERCEDES-BENZ ML 300;;
;;;;MERCEDES-BENZ ML 320;;
;;;;MERCEDES-BENZ ML 350;;
;;;;MERCEDES-BENZ ML 400;;
;;;;MERCEDES-BENZ ML 420;;
;;;;MERCEDES-BENZ ML 430;;
;;;;MERCEDES-BENZ ML 500;;
;;;;MERCEDES-BENZ ML 55 AMG;;
;;;;MERCEDES-BENZ ML 63 AMG;;
;;;;MERCEDES-BENZ R 280;;
;;;;MERCEDES-BENZ R 320;;
;;;;MERCEDES-BENZ R 350;;
;;;;MERCEDES-BENZ R 500;;
;;;;MERCEDES-BENZ R 500 L;;
;;;;MERCEDES-BENZ R 63 AMG;;
;;;;MERCEDES-BENZ S 300;;
;;;;MERCEDES-BENZ S 320;;
;;;;MERCEDES-BENZ S 350;;
;;;;MERCEDES-BENZ S 350 L;;
;;;;MERCEDES-BENZ S 400;;
;;;;MERCEDES-BENZ S 420;;
;;;;MERCEDES-BENZ S 430;;
;;;;MERCEDES-BENZ S 430 L;;
;;;;MERCEDES-BENZ S 450;;
;;;;MERCEDES-BENZ S 450 L;;
;;;;MERCEDES-BENZ S 500;;
;;;;MERCEDES-BENZ S 500 L;;
;;;;MERCEDES-BENZ S 55 AMG;;
;;;;MERCEDES-BENZ S 55 AMG L;;
;;;;MERCEDES-BENZ S 600;;
;;;;MERCEDES-BENZ S 600 L;;
;;;;MERCEDES-BENZ S 63 AMG;;
;;;;MERCEDES-BENZ S 63 AMG L;;
;;;;MERCEDES-BENZ S 65 AMG;;
;;;;MERCEDES-BENZ S 65 AMG L;;
;;;;MERCEDES-BENZ SL 320;;
;;;;MERCEDES-BENZ SL 350;;
;;;;MERCEDES-BENZ SL 500;;
;;;;MERCEDES-BENZ SL 55 AMG;;
;;;;MERCEDES-BENZ SL 600;;
;;;;MERCEDES-BENZ SL 63 AMG;;
;;;;MERCEDES-BENZ SL 65 AMG;;
;;;;MERCEDES-BENZ SLK 200;;
;;;;MERCEDES-BENZ SLK 230;;
;;;;MERCEDES-BENZ SLK 280;;
;;;;MERCEDES-BENZ SLK 350;;
;;;;MERCEDES-BENZ SLK 55 AMG;;
;;;;MERCEDES-BENZ SPRINTER;;
;;;;MERCEDES-BENZ VANEO;;
;;;;MERCEDES-BENZ VIANO;;
;;;;MERCEDES-BENZ VITO;;
;;;;MINI CABRIO;;
;;;;MINI CABRIO COOPER;;
;;;;MINI CABRIO COOPER S;;
;;;;MINI CLUBMAN;;
;;;;MINI CLUBMAN COOPER;;
;;;;MINI CLUBMAN COOPER S;;
;;;;MINI CLUBMAN JOHN COOPER WORKS;;
;;;;MINI CLUBVAN;;
;;;;MINI COOPER;;
;;;;MINI COOPER S;;
;;;;MINI COUNTRYMAN;;
;;;;MINI COUNTRYMAN COOPER;;
;;;;MINI COUNTRYMAN COOPER S;;
;;;;MINI JOHN COOPER WORKS;;
;;;;MINI ONE;;
;;;;MINI PACEMAN;;
;;;;MINI ROADSTER;;
;;;;MITSUBISHI 3000 GT;;
;;;;MITSUBISHI ASX;;
;;;;MITSUBISHI CARISMA;;
;;;;MITSUBISHI COLT;;
;;;;MITSUBISHI LANCER EVOLUTION;;
;;;;MITSUBISHI ECLIPSE;;
;;;;MITSUBISHI ENDEAVOR;;
;;;;MITSUBISHI GALANT;;
;;;;MITSUBISHI GRANDIS;;
;;;;MITSUBISHI I-MIEV;;
;;;;MITSUBISHI L-200;;
;;;;MITSUBISHI LANCER;;
;;;;MITSUBISHI MONTERO;;
;;;;MITSUBISHI OUTLANDER PHEV;;
;;;;MITSUBISHI OUTLANDER;;
;;;;MITSUBISHI OUTLANDER XL;;
;;;;MITSUBISHI PAJERO;;
;;;;MITSUBISHI PAJERO PININ;;
;;;;MITSUBISHI PAJERO SPORT;;
;;;;MITSUBISHI SPACE STAR;;
;;;;NISSAN 350Z;;
;;;;NISSAN ALMERA;;
;;;;NISSAN ALMERA CLASSIC;;
;;;;NISSAN ALMERA TINO;;
;;;;NISSAN ALTIMA;;
;;;;NISSAN ARMADA;;
;;;;NISSAN BLUEBIRD;;
;;;;NISSAN JUKE;;
;;;;NISSAN MAXIMA;;
;;;;NISSAN MICRA;;
;;;;NISSAN MURANO;;
;;;;NISSAN NAVARA;;
;;;;NISSAN NOTE;;
;;;;NISSAN NP 300;;
;;;;NISSAN PATHFINDER;;
;;;;NISSAN PATROL;;
;;;;NISSAN PRIMERA;;
;;;;NISSAN QASHQAI;;
;;;;NISSAN QASHQAI+2;;
;;;;NISSAN QUEST;;
;;;;NISSAN SENTRA;;
;;;;NISSAN TEANA;;
;;;;NISSAN TERRANO;;
;;;;NISSAN TIIDA;;
;;;;NISSAN TITAN;;
;;;;NISSAN XTERRA;;
;;;;NISSAN X-TRAIL;;
;;;;OPEL AGILA;;
;;;;OPEL ANTARA;;
;;;;OPEL ASTRA;;
;;;;OPEL COMBO;;
;;;;OPEL CORSA;;
;;;;OPEL FRONTERA;;
;;;;OPEL INSIGNIA;;
;;;;OPEL MERIVA;;
;;;;OPEL MOKKA;;
;;;;OPEL INSIGNIA OPC;;
;;;;OPEL OMEGA;;
;;;;OPEL SIGNUM;;
;;;;OPEL SINTRA;;
;;;;OPEL TIGRA;;
;;;;OPEL VECTRA;;
;;;;OPEL VITA;;
;;;;OPEL ZAFIRA;;
;;;;PEUGEOT 107;;
;;;;PEUGEOT 206;;
;;;;PEUGEOT 207;;
;;;;PEUGEOT 208;;
;;;;PEUGEOT 301;;
;;;;PEUGEOT 307;;
;;;;PEUGEOT 308;;
;;;;PEUGEOT 406;;
;;;;PEUGEOT 407;;
;;;;PEUGEOT 408;;
;;;;PEUGEOT 607;;
;;;;PEUGEOT 807;;
;;;;PEUGEOT 1007;;
;;;;PEUGEOT 2008;;
;;;;PEUGEOT 4007;;
;;;;PEUGEOT 4008;;
;;;;PEUGEOT 206 CC;;
;;;;PEUGEOT 207 CC;;
;;;;PEUGEOT 3008;;
;;;;PEUGEOT 307 CC;;
;;;;PEUGEOT 406 COUPE;;
;;;;PEUGEOT 407 COUPE;;
;;;;PEUGEOT 5008;;
;;;;PEUGEOT 508;;
;;;;PEUGEOT BOXER;;
;;;;PEUGEOT PARTNER;;
;;;;PEUGEOT PARTNER ORIGIN VP;;
;;;;PEUGEOT PARTNER ORIGIN VU;;
;;;;PEUGEOT PARTNER TEPEE;;
;;;;PEUGEOT RCZ;;
;;;;PONTIAC BONNEVILLE;;
;;;;PONTIAC G5;;
;;;;PONTIAC G6;;
;;;;PONTIAC G8;;
;;;;PONTIAC GRAND AM;;
;;;;PONTIAC GRAND PRIX;;
;;;;PONTIAC GTO;;
;;;;PONTIAC SOLSTICE;;
;;;;PONTIAC SUNFIRE;;
;;;;PONTIAC TORRENT;;
;;;;PONTIAC VIBE;;
;;;;PORSCHE 911;;
;;;;PORSCHE BOXSTER;;
;;;;PORSCHE CAYENNE;;
;;;;PORSCHE CAYMAN;;
;;;;PORSCHE MACAN;;
;;;;PORSCHE PANAMERA;;
;;;;RENAULT CAPTUR;;
;;;;RENAULT CLIO;;
;;;;RENAULT DUSTER;;
;;;;RENAULT ESPACE;;
;;;;RENAULT FLUENCE;;
;;;;RENAULT GRAND ESPACE;;
;;;;RENAULT GRAND SCENIC;;
;;;;RENAULT KANGOO;;
;;;;RENAULT KOLEOS;;
;;;;RENAULT LAGUNA;;
;;;;RENAULT LATITUDE;;
;;;;RENAULT LOGAN;;
;;;;RENAULT MEGANE;;
;;;;RENAULT MEGANE RS;;
;;;;RENAULT CLIO RS;;
;;;;RENAULT MASTER;;
;;;;RENAULT SAFRANE;;
;;;;RENAULT SANDERO;;
;;;;RENAULT SCENIC;;
;;;;RENAULT SR;;
;;;;RENAULT SYMBOL;;
;;;;RENAULT TRAFIC;;
;;;;RENAULT Other;;
;;;;ROVER 25;;
;;;;ROVER 45;;
;;;;ROVER 75;;
;;;;ROVER STREETWISE;;
;;;;SAAB 9–3;;
;;;;SAAB 9–5;;
;;;;SAAB 9–7;;
;;;;SCEO SHUANGHUAN;;
;;;;SEAT ALHAMBRA;;
;;;;SEAT ALTEA;;
;;;;SEAT ALTEA FREETRACK;;
;;;;SEAT ALTEA XL;;
;;;;SEAT AROSA;;
;;;;SEAT CORDOBA;;
;;;;SEAT EXEO;;
;;;;SEAT IBIZA;;
;;;;SEAT LEON;;
;;;;SEAT LEON CUPRA;;
;;;;SEAT TOLEDO;;
;;;;SKODA FABIA;;
;;;;SKODA FABIA RS;;
;;;;SKODA FABIA SCOUT;;
;;;;SKODA RAPID;;
;;;;SKODA OCTAVIA;;
;;;;SKODA OCTAVIA RS;;
;;;;SKODA OCTAVIA SCOUT;;
;;;;SKODA OCTAVIA TOUR;;
;;;;SKODA PRAKTIK;;
;;;;SKODA ROOMSTER;;
;;;;SKODA ROOMSTER SCOUT;;
;;;;SKODA SUPERB;;
;;;;SKODA YETI;;
;;;;SMART CITY;;
;;;;SMART FORFOUR;;
;;;;SMART FORTWO;;
;;;;SMART ROADSTER;;
;;;;SMART SMART;;
;;;;SSANG YONG ACTYON;;
;;;;SSANG YONG ACTYON SPORT;;
;;;;SSANG YONG ISTANA;;
;;;;SSANG YONG KORANDO;;
;;;;SSANG YONG KYRON;;
;;;;SSANG YONG MUSSO;;
;;;;SSANG YONG NEW ACTYON;;
;;;;SSANG YONG REXTON;;
;;;;SSANG YONG RODIUS;;
;;;;SSANG YONG STAVIC;;
;;;;SSANG YONG TAGER;;
;;;;SUBARU IMPREZA WRX;;
;;;;SUBARU FORESTER;;
;;;;SUBARU G3X JUSTY;;
;;;;SUBARU IMPREZA;;
;;;;SUBARU IMPREZA XV;;
;;;;SUBARU LEGACY;;
;;;;SUBARU OUTBACK;;
;;;;SUBARU TRIBECA;;
;;;;SUBARU XV;;
;;;;SUZUKI AERIO;;
;;;;SUZUKI BALENO;;
;;;;SUZUKI ESCUDO;;
;;;;SUZUKI GRAND VITARA;;
;;;;SUZUKI IGNIS;;
;;;;SUZUKI JIMNY;;
;;;;SUZUKI KEI;;
;;;;SUZUKI KIZASHI;;
;;;;SUZUKI LIANA;;
;;;;SUZUKI MR;;
;;;;SUZUKI SPLASH;;
;;;;SUZUKI SWIFT;;
;;;;SUZUKI SX4;;
;;;;SUZUKI VITARA;;
;;;;SUZUKI WAGON R+;;
;;;;SUZUKI XL-7;;
;;;;TIANMA CENTURY;;
;;;;TOYOTA 4-RUNNER;;
;;;;TOYOTA ALPHARD;;
;;;;TOYOTA AURIS;;
;;;;TOYOTA AVALON;;
;;;;TOYOTA AVALON CELICA;;
;;;;TOYOTA AVENSIS;;
;;;;TOYOTA AYGO;;
;;;;TOYOTA CAMRY;;
;;;;TOYOTA CARINA;;
;;;;TOYOTA CELICA;;
;;;;TOYOTA COROLLA;;
;;;;TOYOTA COROLLA FIELDER;;
;;;;TOYOTA COROLLA RUNX;;
;;;;TOYOTA COROLLA SPACIO;;
;;;;TOYOTA ECHO;;
;;;;TOYOTA FJ CRUISER;;
;;;;TOYOTA FORTUNER;;
;;;;TOYOTA GT86;;
;;;;TOYOTA HARRIER;;
;;;;TOYOTA HIGHLANDER;;
;;;;TOYOTA HILUX;;
;;;;TOYOTA IQ;;
;;;;TOYOTA LAND CRUISER 100;;
;;;;TOYOTA LAND CRUISER 200;;
;;;;TOYOTA LAND CRUISER PRADO 120;;
;;;;TOYOTA LAND CRUISER PRADO 150;;
;;;;TOYOTA MATRIX;;
;;;;TOYOTA PICNIC;;
;;;;TOYOTA PREVIA;;
;;;;TOYOTA PRIUS;;
;;;;TOYOTA RAV 4;;
;;;;TOYOTA RAV 4 LONG;;
;;;;TOYOTA SEQUOIA;;
;;;;TOYOTA SIENNA;;
;;;;TOYOTA SOLARA;;
;;;;TOYOTA TACOMA;;
;;;;TOYOTA TUNDRA;;
;;;;TOYOTA VENZA;;
;;;;TOYOTA VERSO;;
;;;;TOYOTA YARIS;;
;;;;UAZ 3151;;
;;;;UAZ 3153;;
;;;;UAZ 3159;;
;;;;UAZ 3160;;
;;;;UAZ 3162;;
;;;;UAZ 3163;;
;;;;UAZ 2206;;
;;;;UAZ 23632;;
;;;;UAZ 3303;;
;;;;УАЗ 3741;;
;;;;UAZ 3909;;
;;;;UAZ 469;;
;;;;UAZ CARGO;;
;;;;UAZ HUNTER;;
;;;;UAZ PATRIOT;;
;;;;UAZ PATRIOT SPORT;;
;;;;UAZ PICKUP;;
;;;;VOLKSWAGEN AMAROK;;
;;;;VOLKSWAGEN BORA;;
;;;;VOLKSWAGEN CADDY;;
;;;;VOLKSWAGEN CARAVELLE;;
;;;;VOLKSWAGEN CRAFTER;;
;;;;VOLKSWAGEN CROSS GOLF;;
;;;;VOLKSWAGEN CROSS POLO;;
;;;;VOLKSWAGEN EOS;;
;;;;VOLKSWAGEN FOX;;
;;;;VOLKSWAGEN GOL;;
;;;;VOLKSWAGEN GOLF;;
;;;;VOLKSWAGEN GOLF CROSS PLUS;;
;;;;VOLKSWAGEN GOLF GTI;;
;;;;VOLKSWAGEN GOLF PLUS;;
;;;;VOLKSWAGEN JETTA;;
;;;;VOLKSWAGEN LT;;
;;;;VOLKSWAGEN LUPO;;
;;;;VOLKSWAGEN MULTIVAN;;
;;;;VOLKSWAGEN NEW BEETLE;;
;;;;VOLKSWAGEN PASSAT;;
;;;;VOLKSWAGEN PASSAT CC;;
;;;;VOLKSWAGEN PHAETON;;
;;;;VOLKSWAGEN PHAETON LONG;;
;;;;VOLKSWAGEN POINTER;;
;;;;VOLKSWAGEN POLO;;
;;;;VOLKSWAGEN SCIROCCO;;
;;;;VOLKSWAGEN SHARAN;;
;;;;VOLKSWAGEN TIGUAN;;
;;;;VOLKSWAGEN TOUAREG;;
;;;;VOLKSWAGEN TOURAN;;
;;;;VOLKSWAGEN TRANSPORTER;;
;;;;VOLVO C30;;
;;;;VOLVO C70;;
;;;;VOLVO S40;;
;;;;VOLVO S60;;
;;;;VOLVO S80;;
;;;;VOLVO V40;;
;;;;VOLVO V50;;
;;;;VOLVO V60;;
;;;;VOLVO V70;;
;;;;VOLVO V70XC;;
;;;;VOLVO XC60;;
;;;;VOLVO XC70;;
;;;;VOLVO XC90;;
;;;;VOLVO прочие;;
;;;;VORTEX CORDA;;
;;;;VORTEX ESTINA;;
;;;;VORTEX TINGO;;
;;;;XINKAI PIKUP X3;;
;;;;XINKAI SR-V X3;;
;;;;XINKAI SUV X3;;
;;;;ZAZ CHANCE;;
;;;;ZAZ SENS;;
;;;;ZAZ VIDA;;
;;;;ZX GRAND TIGER;;
;;;;ZX LANDMARK;;
;;;;БОГДАН 2110;;
;;;;ВАЗ 1111;;
;;;;ВАЗ 1117;;
;;;;ВАЗ 1118;;
;;;;ВАЗ 1119;;
;;;;ВАЗ 2104;;
;;;;ВАЗ 2105;;
;;;;ВАЗ 2106;;
;;;;ВАЗ 2107;;
;;;;ВАЗ 2108;;
;;;;ВАЗ 2109;;
;;;;ВАЗ 2110;;
;;;;ВАЗ 2111;;
;;;;ВАЗ 2112;;
;;;;ВАЗ 2113;;
;;;;ВАЗ 2114;;
;;;;ВАЗ 2115;;
;;;;ВАЗ 2120;;
;;;;ВАЗ 2121;;
;;;;ВАЗ 2123;;
;;;;ВАЗ 2131;;
;;;;ВАЗ 2170;;
;;;;ВАЗ 2171;;
;;;;ВАЗ 2172;;
;;;;ВАЗ 2329;;
;;;;ВАЗ 21099;;
;;;;ВАЗ 21213;;
;;;;ВАЗ KALINA;;
;;;;ВАЗ LARGUS;;
;;;;ВАЗ PRIORA;;
;;;;ВИС 2345;;
;;;;ГАЗ 3102;;
;;;;ГАЗ 3110;;
;;;;ГАЗ 3111;;
;;;;ГАЗ 31029;;
;;;;ГАЗ SIBER;;
;;;;ИЖ 2126;;
;;;;ИЖ 2717;;
;;;;СHEVROLET NIVA;;
;;;;ТАГАЗ C10;;
;;;;ТАГАЗ C190;;
;;;;ТАГАЗ ESTINA;;
;;;;ТАГАЗ ROAD PARTNER;;
;;;;ТАГАЗ TAGER;;
;;;;ТАГАЗ TIGGO;;
;;;;ТАГАЗ VEGA;;
;;;;ТАГАЗ VORTEX ESTINA;;
;;;;УАЗ 3151;;
;;;;УАЗ 3153;;
;;;;УАЗ 3159;;
;;;;УАЗ 3160;;
;;;;УАЗ 3162;;
;;;;УАЗ 3163;;
;;;;УАЗ 2206;;
;;;;УАЗ 23632;;
;;;;УАЗ 3303;;
;;;;УАЗ 3741;;
;;;;УАЗ 3909;;
;;;;УАЗ 469;;
;;;;УАЗ CARGO;;
;;;;УАЗ HUNTER;;
;;;;УАЗ PATRIOT;;
;;;;УАЗ PATRIOT SPORT;;
;;;;УАЗ PICKUP;;
